ISO-10303-21;
HEADER;
FILE_DESCRIPTION (( 'STEP AP203' ),
    '1' );
FILE_NAME ('MountingGaugeButtonBoard.STEP',
    '2025-04-28T14:23:16',
    ( '' ),
    ( '' ),
    'SwSTEP 2.0',
    'SolidWorks 2023',
    '' );
FILE_SCHEMA (( 'CONFIG_CONTROL_DESIGN' ));
ENDSEC;

DATA;
#1 = DIRECTION ( 'NONE',  ( -2.365532012695647203E-16, 1.000000000000000000, 0.000000000000000000 ) ) ;
#2 = CIRCLE ( 'NONE', #1560, 2.000000000000001776 ) ;
#3 = LINE ( 'NONE', #1899, #2210 ) ;
#4 = CARTESIAN_POINT ( 'NONE',  ( 1.999999999999999556, 28.00000000000000000, -16.99999999999998224 ) ) ;
#5 = FACE_OUTER_BOUND ( 'NONE', #2417, .T. ) ;
#6 = AXIS2_PLACEMENT_3D ( 'NONE', #1900, #53, #1914 ) ;
#7 = EDGE_LOOP ( 'NONE', ( #318, #470, #1916, #1719 ) ) ;
#8 = VECTOR ( 'NONE', #3219, 1000.000000000000000 ) ;
#9 = CARTESIAN_POINT ( 'NONE',  ( 66.43000000000000682, 3.999999999999998224, -58.00000000000000000 ) ) ;
#10 = ORIENTED_EDGE ( 'NONE', *, *, #505, .T. ) ;
#11 = ORIENTED_EDGE ( 'NONE', *, *, #2767, .F. ) ;
#12 = DIRECTION ( 'NONE',  ( -0.000000000000000000, -0.000000000000000000, -1.000000000000000000 ) ) ;
#13 = DIRECTION ( 'NONE',  ( -0.000000000000000000, 0.000000000000000000, -1.000000000000000000 ) ) ;
#14 = LINE ( 'NONE', #2133, #1325 ) ;
#15 = EDGE_CURVE ( 'NONE', #1196, #2591, #1397, .T. ) ;
#16 = EDGE_CURVE ( 'NONE', #1326, #2979, #3263, .T. ) ;
#17 = DIRECTION ( 'NONE',  ( -0.000000000000000000, -1.000000000000000000, -0.000000000000000000 ) ) ;
#18 = CARTESIAN_POINT ( 'NONE',  ( 2.000000000000001776, 28.00000000000000000, -14.99999999999998224 ) ) ;
#19 = DIRECTION ( 'NONE',  ( -1.000000000000000000, 0.000000000000000000, 1.243529373460076734E-16 ) ) ;
#20 = FACE_OUTER_BOUND ( 'NONE', #424, .T. ) ;
#21 = DIRECTION ( 'NONE',  ( -1.000000000000000000, 0.000000000000000000, -0.000000000000000000 ) ) ;
#22 = ORIENTED_EDGE ( 'NONE', *, *, #956, .F. ) ;
#23 = CARTESIAN_POINT ( 'NONE',  ( 130.7500000000000000, 0.2500000000000011102, -32.30000000000000426 ) ) ;
#24 = EDGE_LOOP ( 'NONE', ( #3014, #2178, #2288, #2422 ) ) ;
#25 = VERTEX_POINT ( 'NONE', #1948 ) ;
#26 = CARTESIAN_POINT ( 'NONE',  ( 131.4999999999999716, -2.000000000000000000, -23.00000000000000355 ) ) ;
#27 = CYLINDRICAL_SURFACE ( 'NONE', #3292, 4.999999999999997335 ) ;
#28 = DIRECTION ( 'NONE',  ( -1.000000000000000000, -2.365532012695643259E-16, 0.000000000000000000 ) ) ;
#29 = ORIENTED_EDGE ( 'NONE', *, *, #1270, .T. ) ;
#30 = CYLINDRICAL_SURFACE ( 'NONE', #2556, 2.000000000000001776 ) ;
#31 = EDGE_CURVE ( 'NONE', #1753, #149, #1414, .T. ) ;
#32 = DIRECTION ( 'NONE',  ( 2.365532012695647203E-16, -1.000000000000000000, -0.000000000000000000 ) ) ;
#33 = EDGE_CURVE ( 'NONE', #222, #2938, #1466, .T. ) ;
#34 = LINE ( 'NONE', #2903, #606 ) ;
#35 = FACE_OUTER_BOUND ( 'NONE', #1819, .T. ) ;
#36 = CARTESIAN_POINT ( 'NONE',  ( 6.365957710006634543E-16, 4.000000000000000888, -58.00000000000000000 ) ) ;
#37 = EDGE_CURVE ( 'NONE', #2682, #679, #3382, .T. ) ;
#38 = EDGE_LOOP ( 'NONE', ( #1128, #3089, #3409, #761 ) ) ;
#39 = DIRECTION ( 'NONE',  ( 1.000000000000000000, 0.000000000000000000, -0.000000000000000000 ) ) ;
#40 = VECTOR ( 'NONE', #756, 1000.000000000000000 ) ;
#41 = AXIS2_PLACEMENT_3D ( 'NONE', #3256, #353, #946 ) ;
#42 = ORIENTED_EDGE ( 'NONE', *, *, #2520, .T. ) ;
#43 = ORIENTED_EDGE ( 'NONE', *, *, #3055, .T. ) ;
#44 = DIRECTION ( 'NONE',  ( 0.000000000000000000, 0.000000000000000000, -1.000000000000000000 ) ) ;
#45 = VECTOR ( 'NONE', #976, 1000.000000000000000 ) ;
#46 = CARTESIAN_POINT ( 'NONE',  ( 8.000000000000000000, -2.000000000000000000, -28.00000000000000000 ) ) ;
#47 = AXIS2_PLACEMENT_3D ( 'NONE', #943, #1426, #1672 ) ;
#48 = ORIENTED_EDGE ( 'NONE', *, *, #2501, .F. ) ;
#49 = PLANE ( 'NONE',  #955 ) ;
#50 = EDGE_CURVE ( 'NONE', #3279, #363, #2188, .T. ) ;
#51 = AXIS2_PLACEMENT_3D ( 'NONE', #1608, #1401, #1361 ) ;
#52 = DIRECTION ( 'NONE',  ( 0.8660254037844387076, 0.000000000000000000, -0.4999999999999999445 ) ) ;
#53 = DIRECTION ( 'NONE',  ( 0.000000000000000000, -1.000000000000000000, 0.000000000000000000 ) ) ;
#54 = DIRECTION ( 'NONE',  ( 0.000000000000000000, 0.000000000000000000, -1.000000000000000000 ) ) ;
#55 = AXIS2_PLACEMENT_3D ( 'NONE', #2261, #2799, #2246 ) ;
#56 = ORIENTED_EDGE ( 'NONE', *, *, #31, .T. ) ;
#57 = AXIS2_PLACEMENT_3D ( 'NONE', #3043, #648, #1449 ) ;
#58 = DIRECTION ( 'NONE',  ( -0.000000000000000000, -0.000000000000000000, -1.000000000000000000 ) ) ;
#59 = ADVANCED_FACE ( 'NONE', ( #668 ), #1725, .F. ) ;
#60 = VECTOR ( 'NONE', #1115, 1000.000000000000000 ) ;
#61 = ORIENTED_EDGE ( 'NONE', *, *, #547, .T. ) ;
#62 = ORIENTED_EDGE ( 'NONE', *, *, #978, .T. ) ;
#63 = CARTESIAN_POINT ( 'NONE',  ( 108.5800000000000125, 0.000000000000000000, -36.50000000000000711 ) ) ;
#64 = CIRCLE ( 'NONE', #2007, 2.000000000000001776 ) ;
#65 = CARTESIAN_POINT ( 'NONE',  ( -1.258185658006746331E-15, 3.999999999999986233, -58.00000000000000000 ) ) ;
#66 = ORIENTED_EDGE ( 'NONE', *, *, #1030, .F. ) ;
#67 = FACE_OUTER_BOUND ( 'NONE', #1662, .T. ) ;
#68 = CARTESIAN_POINT ( 'NONE',  ( 96.58000000000001251, 0.000000000000000000, -33.00000000000000000 ) ) ;
#69 = CARTESIAN_POINT ( 'NONE',  ( 89.08000000000002672, 3.999999999999996447, -36.50000000000000711 ) ) ;
#70 = CARTESIAN_POINT ( 'NONE',  ( 0.000000000000000000, 28.00000000000000000, -58.00000000000000000 ) ) ;
#71 = LINE ( 'NONE', #1930, #3209 ) ;
#72 = ORIENTED_EDGE ( 'NONE', *, *, #2014, .F. ) ;
#73 = EDGE_LOOP ( 'NONE', ( #990, #3193, #1441, #865, #2317, #2331, #900, #1954 ) ) ;
#74 = DIRECTION ( 'NONE',  ( -0.000000000000000000, 0.000000000000000000, -1.000000000000000000 ) ) ;
#75 = EDGE_CURVE ( 'NONE', #408, #2065, #2592, .T. ) ;
#76 = ADVANCED_FACE ( 'NONE', ( #3309 ), #388, .F. ) ;
#77 = ORIENTED_EDGE ( 'NONE', *, *, #3443, .T. ) ;
#78 = ORIENTED_EDGE ( 'NONE', *, *, #3421, .T. ) ;
#79 = CARTESIAN_POINT ( 'NONE',  ( 2.000000000000001776, -1.999999999999998224, -14.99999999999998224 ) ) ;
#80 = DIRECTION ( 'NONE',  ( 2.365532012695647203E-16, -1.000000000000000000, 0.000000000000000000 ) ) ;
#81 = ORIENTED_EDGE ( 'NONE', *, *, #2942, .T. ) ;
#82 = DIRECTION ( 'NONE',  ( -2.365532012695647203E-16, 1.000000000000000000, 0.000000000000000000 ) ) ;
#83 = FACE_OUTER_BOUND ( 'NONE', #3390, .T. ) ;
#84 = LINE ( 'NONE', #2445, #2825 ) ;
#85 = DIRECTION ( 'NONE',  ( -2.365532012695647203E-16, 1.000000000000000000, 0.000000000000000000 ) ) ;
#86 = DIRECTION ( 'NONE',  ( -1.000000000000000000, 0.000000000000000000, 1.243529373460076734E-16 ) ) ;
#87 = VERTEX_POINT ( 'NONE', #3295 ) ;
#88 = CARTESIAN_POINT ( 'NONE',  ( 4.999999999999998224, 0.000000000000000000, -43.00000000000000000 ) ) ;
#89 = ORIENTED_EDGE ( 'NONE', *, *, #2264, .T. ) ;
#90 = ORIENTED_EDGE ( 'NONE', *, *, #1968, .T. ) ;
#91 = EDGE_CURVE ( 'NONE', #2248, #2612, #2256, .T. ) ;
#92 = DIRECTION ( 'NONE',  ( 0.000000000000000000, -1.000000000000000000, 0.000000000000000000 ) ) ;
#93 = CARTESIAN_POINT ( 'NONE',  ( 115.5800000000000125, 3.999999999999996447, -33.00000000000000000 ) ) ;
#94 = AXIS2_PLACEMENT_3D ( 'NONE', #250, #2610, #1308 ) ;
#95 = ORIENTED_EDGE ( 'NONE', *, *, #956, .T. ) ;
#96 = EDGE_LOOP ( 'NONE', ( #1104, #2546, #660, #3333 ) ) ;
#97 = VECTOR ( 'NONE', #1688, 1000.000000000000000 ) ;
#98 = ADVANCED_FACE ( 'NONE', ( #1708 ), #2761, .F. ) ;
#99 = LINE ( 'NONE', #735, #455 ) ;
#100 = EDGE_CURVE ( 'NONE', #1515, #2418, #2834, .T. ) ;
#101 = LINE ( 'NONE', #1169, #2319 ) ;
#102 = VECTOR ( 'NONE', #1876, 1000.000000000000000 ) ;
#103 = CYLINDRICAL_SURFACE ( 'NONE', #1718, 2.000000000000001776 ) ;
#104 = VECTOR ( 'NONE', #2683, 1000.000000000000000 ) ;
#105 = DIRECTION ( 'NONE',  ( -0.000000000000000000, 1.000000000000000000, -0.000000000000000000 ) ) ;
#106 = APPROVAL_ROLE ( '' ) ;
#107 = CARTESIAN_POINT ( 'NONE',  ( 70.07999999999999829, 4.000000000000000000, -58.00000000000000000 ) ) ;
#108 = CIRCLE ( 'NONE', #1938, 3.893700871709260269 ) ;
#109 = ORIENTED_EDGE ( 'NONE', *, *, #3297, .F. ) ;
#110 = CARTESIAN_POINT ( 'NONE',  ( 3.000000000000002665, -2.000000000000000000, -38.49258438071942123 ) ) ;
#111 = CIRCLE ( 'NONE', #2717, 8.500000000000000000 ) ;
#112 = ORIENTED_EDGE ( 'NONE', *, *, #3383, .F. ) ;
#113 = CIRCLE ( 'NONE', #2665, 2.000000000000001776 ) ;
#114 = EDGE_LOOP ( 'NONE', ( #635, #502, #607, #411, #3132, #397, #1259, #1108 ) ) ;
#115 = CARTESIAN_POINT ( 'NONE',  ( 31.27999999999999403, 7.399384135711983245E-15, -28.00000000000000355 ) ) ;
#116 = ORIENTED_EDGE ( 'NONE', *, *, #2985, .F. ) ;
#117 = ORIENTED_EDGE ( 'NONE', *, *, #1673, .T. ) ;
#118 = AXIS2_PLACEMENT_3D ( 'NONE', #1240, #1582, #1635 ) ;
#119 = CARTESIAN_POINT ( 'NONE',  ( 137.5000000000000000, 28.00000000000000000, -17.00000000000000000 ) ) ;
#120 = CARTESIAN_POINT ( 'NONE',  ( 101.5800000000000125, 2.402907418496238852E-14, -28.00000000000000355 ) ) ;
#121 = EDGE_CURVE ( 'NONE', #2087, #2039, #156, .T. ) ;
#122 = EDGE_CURVE ( 'NONE', #1785, #1262, #3153, .T. ) ;
#123 = DIRECTION ( 'NONE',  ( 1.591489427501658389E-16, 1.000000000000000000, -0.000000000000000000 ) ) ;
#124 = DIRECTION ( 'NONE',  ( -1.000000000000000000, -0.000000000000000000, -0.000000000000000000 ) ) ;
#125 = DATE_TIME_ROLE ( 'creation_date' ) ;
#126 = ORIENTED_EDGE ( 'NONE', *, *, #2964, .T. ) ;
#127 = ORIENTED_EDGE ( 'NONE', *, *, #358, .T. ) ;
#128 = DIRECTION ( 'NONE',  ( 4.625929269271485914E-16, 0.000000000000000000, -1.000000000000000000 ) ) ;
#129 = ORIENTED_EDGE ( 'NONE', *, *, #1274, .T. ) ;
#130 = ORIENTED_EDGE ( 'NONE', *, *, #2496, .T. ) ;
#131 = CARTESIAN_POINT ( 'NONE',  ( 134.5000000000000000, -2.000000000000000000, -58.00000000000000000 ) ) ;
#132 = ORIENTED_EDGE ( 'NONE', *, *, #3184, .T. ) ;
#133 = DIRECTION ( 'NONE',  ( -0.000000000000000000, -1.000000000000000000, -0.000000000000000000 ) ) ;
#134 = CYLINDRICAL_SURFACE ( 'NONE', #3045, 3.893700871709253164 ) ;
#135 = CARTESIAN_POINT ( 'NONE',  ( 87.57999999999999829, 0.000000000000000000, -28.00000000000000355 ) ) ;
#136 = EDGE_CURVE ( 'NONE', #1032, #1467, #1825, .T. ) ;
#137 = FACE_OUTER_BOUND ( 'NONE', #2963, .T. ) ;
#138 = UNCERTAINTY_MEASURE_WITH_UNIT (LENGTH_MEASURE( 1.000000000000000082E-05 ), #2483, 'distance_accuracy_value', 'NONE');
#139 = ADVANCED_FACE ( 'NONE', ( #3138 ), #720, .F. ) ;
#140 = ORIENTED_EDGE ( 'NONE', *, *, #2029, .T. ) ;
#141 = ORIENTED_EDGE ( 'NONE', *, *, #136, .T. ) ;
#142 = DIRECTION ( 'NONE',  ( -1.000000000000000000, 0.000000000000000000, 0.000000000000000000 ) ) ;
#143 = EDGE_CURVE ( 'NONE', #1193, #2798, #1376, .T. ) ;
#144 = EDGE_CURVE ( 'NONE', #1179, #1614, #1982, .T. ) ;
#145 = ORIENTED_EDGE ( 'NONE', *, *, #422, .T. ) ;
#146 = ORIENTED_EDGE ( 'NONE', *, *, #1436, .F. ) ;
#147 = DIRECTION ( 'NONE',  ( 0.000000000000000000, -1.000000000000000000, 0.000000000000000000 ) ) ;
#148 = ORIENTED_EDGE ( 'NONE', *, *, #2860, .F. ) ;
#149 = VERTEX_POINT ( 'NONE', #1554 ) ;
#150 = DIRECTION ( 'NONE',  ( -0.000000000000000000, -0.000000000000000000, -1.000000000000000000 ) ) ;
#151 = AXIS2_PLACEMENT_3D ( 'NONE', #3387, #2855, #3156 ) ;
#152 = CARTESIAN_POINT ( 'NONE',  ( 0.000000000000000000, 28.00000000000000000, -58.00000000000000000 ) ) ;
#153 = DIRECTION ( 'NONE',  ( 2.365532012695647203E-16, -1.000000000000000000, -0.000000000000000000 ) ) ;
#154 = DIRECTION ( 'NONE',  ( -0.000000000000000000, -0.000000000000000000, -1.000000000000000000 ) ) ;
#155 = AXIS2_PLACEMENT_3D ( 'NONE', #2015, #417, #3078 ) ;
#156 = LINE ( 'NONE', #2813, #1052 ) ;
#157 = ORIENTED_EDGE ( 'NONE', *, *, #759, .T. ) ;
#158 = VECTOR ( 'NONE', #1086, 1000.000000000000000 ) ;
#159 = LINE ( 'NONE', #3030, #1832 ) ;
#160 = DIRECTION ( 'NONE',  ( -1.000000000000000000, 0.000000000000000000, 0.000000000000000000 ) ) ;
#161 = VERTEX_POINT ( 'NONE', #1795 ) ;
#162 = EDGE_CURVE ( 'NONE', #1972, #2179, #2586, .T. ) ;
#163 = ORIENTED_EDGE ( 'NONE', *, *, #2902, .F. ) ;
#164 = EDGE_CURVE ( 'NONE', #2737, #2535, #476, .T. ) ;
#165 = AXIS2_PLACEMENT_3D ( 'NONE', #2025, #708, #467 ) ;
#166 = CYLINDRICAL_SURFACE ( 'NONE', #889, 2.000000000000001776 ) ;
#167 = VERTEX_POINT ( 'NONE', #1241 ) ;
#168 = ORIENTED_EDGE ( 'NONE', *, *, #1590, .T. ) ;
#169 = AXIS2_PLACEMENT_3D ( 'NONE', #580, #1604, #3222 ) ;
#170 = CARTESIAN_POINT ( 'NONE',  ( 31.27999999999999403, 3.999999999999996447, -33.00000000000000000 ) ) ;
#171 = PLANE ( 'NONE',  #438 ) ;
#172 = CIRCLE ( 'NONE', #566, 2.000000000000001776 ) ;
#173 = LINE ( 'NONE', #1217, #830 ) ;
#174 = CARTESIAN_POINT ( 'NONE',  ( 73.58000000000002672, 3.999999999999998224, -28.00000000000000355 ) ) ;
#175 = DATE_AND_TIME ( #243, #2423 ) ;
#176 = AXIS2_PLACEMENT_3D ( 'NONE', #1131, #1764, #2558 ) ;
#177 = CARTESIAN_POINT ( 'NONE',  ( 130.7500000000000000, 0.000000000000000000, -32.30000000000000426 ) ) ;
#178 = ORIENTED_EDGE ( 'NONE', *, *, #33, .F. ) ;
#179 = CARTESIAN_POINT ( 'NONE',  ( 0.000000000000000000, 0.000000000000000000, -28.00000000000000355 ) ) ;
#180 = DIRECTION ( 'NONE',  ( -1.000000000000000000, 0.000000000000000000, 0.000000000000000000 ) ) ;
#181 = ORIENTED_EDGE ( 'NONE', *, *, #2196, .T. ) ;
#182 = ORIENTED_EDGE ( 'NONE', *, *, #1799, .T. ) ;
#183 = LINE ( 'NONE', #1989, #2272 ) ;
#184 = EDGE_CURVE ( 'NONE', #1092, #679, #460, .T. ) ;
#185 = EDGE_CURVE ( 'NONE', #1710, #2971, #1965, .T. ) ;
#186 = ORIENTED_EDGE ( 'NONE', *, *, #507, .F. ) ;
#187 = ORIENTED_EDGE ( 'NONE', *, *, #802, .T. ) ;
#188 = CARTESIAN_POINT ( 'NONE',  ( 68.58000000000002672, 0.000000000000000000, -58.00000000000000000 ) ) ;
#189 = EDGE_CURVE ( 'NONE', #3163, #2693, #1759, .T. ) ;
#190 = DIRECTION ( 'NONE',  ( -1.000000000000000000, 0.000000000000000000, 0.000000000000000000 ) ) ;
#191 = DIRECTION ( 'NONE',  ( 0.000000000000000000, 0.000000000000000000, -1.000000000000000000 ) ) ;
#192 = PERSON_AND_ORGANIZATION_ROLE ( 'design_supplier' ) ;
#193 = CARTESIAN_POINT ( 'NONE',  ( 80.58000000000001251, 3.999999999999998224, -36.50000000000000711 ) ) ;
#194 = ORIENTED_EDGE ( 'NONE', *, *, #1803, .T. ) ;
#195 = DIRECTION ( 'NONE',  ( 0.000000000000000000, 0.000000000000000000, -1.000000000000000000 ) ) ;
#196 = DIRECTION ( 'NONE',  ( 0.000000000000000000, 0.000000000000000000, 1.000000000000000000 ) ) ;
#197 = ORIENTED_EDGE ( 'NONE', *, *, #50, .F. ) ;
#198 = ORIENTED_EDGE ( 'NONE', *, *, #91, .T. ) ;
#199 = DIRECTION ( 'NONE',  ( -1.000000000000000000, -1.020425574104003260E-16, 0.000000000000000000 ) ) ;
#201 = ORIENTED_EDGE ( 'NONE', *, *, #1296, .F. ) ;
#200 = ADVANCED_FACE ( 'NONE', ( #753 ), #3401, .T. ) ;
#202 = ORIENTED_EDGE ( 'NONE', *, *, #360, .T. ) ;
#203 = DIRECTION ( 'NONE',  ( -1.000000000000000000, 0.000000000000000000, 0.000000000000000000 ) ) ;
#204 = CYLINDRICAL_SURFACE ( 'NONE', #1549, 2.000000000000001776 ) ;
#205 = EDGE_CURVE ( 'NONE', #1249, #2039, #264, .T. ) ;
#206 = EDGE_CURVE ( 'NONE', #2063, #1902, #321, .T. ) ;
#207 = AXIS2_PLACEMENT_3D ( 'NONE', #2174, #2918, #2140 ) ;
#208 = CARTESIAN_POINT ( 'NONE',  ( 12.43943481657403005, 0.000000000000000000, -23.52165700207143573 ) ) ;
#209 = DIRECTION ( 'NONE',  ( -0.000000000000000000, -1.000000000000000000, -0.000000000000000000 ) ) ;
#210 = COORDINATED_UNIVERSAL_TIME_OFFSET ( 1, 0, .AHEAD. ) ;
#211 = CARTESIAN_POINT ( 'NONE',  ( 32.90000000000000568, 3.999999999999996447, -28.00000000000000355 ) ) ;
#212 = AXIS2_PLACEMENT_3D ( 'NONE', #873, #2991, #2783 ) ;
#213 = CC_DESIGN_APPROVAL ( #2472, ( #599 ) ) ;
#214 = ORIENTED_EDGE ( 'NONE', *, *, #3206, .T. ) ;
#215 = AXIS2_PLACEMENT_3D ( 'NONE', #995, #3115, #1268 ) ;
#216 = DIRECTION ( 'NONE',  ( 4.625929269271485914E-16, 0.000000000000000000, -1.000000000000000000 ) ) ;
#217 = CARTESIAN_POINT ( 'NONE',  ( 96.58000000000001251, 4.000000000000008882, -33.00000000000000000 ) ) ;
#218 = CIRCLE ( 'NONE', #3217, 2.000000000000001776 ) ;
#219 = ORIENTED_EDGE ( 'NONE', *, *, #1003, .F. ) ;
#220 = DIRECTION ( 'NONE',  ( 0.000000000000000000, 0.000000000000000000, -1.000000000000000000 ) ) ;
#221 = VECTOR ( 'NONE', #1019, 1000.000000000000000 ) ;
#222 = VERTEX_POINT ( 'NONE', #3365 ) ;
#223 = AXIS2_PLACEMENT_3D ( 'NONE', #1645, #2166, #324 ) ;
#224 = EDGE_LOOP ( 'NONE', ( #81, #1981, #2259, #329 ) ) ;
#225 = CARTESIAN_POINT ( 'NONE',  ( 36.28000000000000114, -33.07213933207226120, -33.00000000000000000 ) ) ;
#226 = CIRCLE ( 'NONE', #3114, 2.000000000000001776 ) ;
#227 = CARTESIAN_POINT ( 'NONE',  ( 127.0605651834259788, 0.000000000000000000, -23.52165700207143217 ) ) ;
#228 = CIRCLE ( 'NONE', #57, 4.999999999999997335 ) ;
#229 = FACE_OUTER_BOUND ( 'NONE', #2578, .T. ) ;
#230 = DIRECTION ( 'NONE',  ( -0.000000000000000000, 1.000000000000000000, -0.000000000000000000 ) ) ;
#231 = VECTOR ( 'NONE', #2070, 1000.000000000000000 ) ;
#232 = ADVANCED_FACE ( 'NONE', ( #490 ), #1292, .T. ) ;
#233 = VERTEX_POINT ( 'NONE', #3416 ) ;
#234 = CARTESIAN_POINT ( 'NONE',  ( 108.5800000000000125, 28.00000000000000000, -36.50000000000000711 ) ) ;
#235 = CARTESIAN_POINT ( 'NONE',  ( 4.999999999999998224, 0.000000000000000000, -43.00000000000000000 ) ) ;
#236 = VERTEX_POINT ( 'NONE', #982 ) ;
#237 = CARTESIAN_POINT ( 'NONE',  ( -1.258185658006746331E-15, 3.999999999999986233, -28.00000000000000355 ) ) ;
#238 = ORIENTED_EDGE ( 'NONE', *, *, #2793, .F. ) ;
#239 = ORIENTED_EDGE ( 'NONE', *, *, #2819, .F. ) ;
#240 = LINE ( 'NONE', #1301, #1236 ) ;
#241 = FACE_OUTER_BOUND ( 'NONE', #835, .T. ) ;
#242 = CARTESIAN_POINT ( 'NONE',  ( 52.43000000000000682, 28.00000000000000000, -36.50000000000000711 ) ) ;
#243 = CALENDAR_DATE ( 2025, 28, 4 ) ;
#244 = DIRECTION ( 'NONE',  ( -1.000000000000000000, 0.000000000000000000, 0.000000000000000000 ) ) ;
#245 = ORIENTED_EDGE ( 'NONE', *, *, #2101, .F. ) ;
#246 = EDGE_CURVE ( 'NONE', #2198, #2576, #2097, .T. ) ;
#247 = FACE_OUTER_BOUND ( 'NONE', #1800, .T. ) ;
#248 = PLANE ( 'NONE',  #1784 ) ;
#249 = EDGE_CURVE ( 'NONE', #1939, #2646, #1637, .T. ) ;
#250 = CARTESIAN_POINT ( 'NONE',  ( 62.93000000000001393, 28.00000000000000000, -56.00000000000000000 ) ) ;
#251 = ORIENTED_EDGE ( 'NONE', *, *, #972, .T. ) ;
#252 = EDGE_CURVE ( 'NONE', #857, #2579, #853, .T. ) ;
#253 = FACE_OUTER_BOUND ( 'NONE', #1850, .T. ) ;
#254 = ADVANCED_FACE ( 'NONE', ( #815 ), #2885, .F. ) ;
#255 = ORIENTED_EDGE ( 'NONE', *, *, #294, .F. ) ;
#256 = VERTEX_POINT ( 'NONE', #2622 ) ;
#257 = CARTESIAN_POINT ( 'NONE',  ( 136.5000000000000000, 0.000000000000000000, -38.49258438071941413 ) ) ;
#258 = DIRECTION ( 'NONE',  ( -2.365532012695647203E-16, 1.000000000000000000, 0.000000000000000000 ) ) ;
#259 = LINE ( 'NONE', #1620, #3178 ) ;
#260 = CARTESIAN_POINT ( 'NONE',  ( 38.27999999999998693, 28.00000000000001066, -58.00000000000000000 ) ) ;
#261 = FACE_OUTER_BOUND ( 'NONE', #2632, .T. ) ;
#262 = CARTESIAN_POINT ( 'NONE',  ( 73.58000000000002672, 1.740558454941457674E-14, -28.00000000000000355 ) ) ;
#263 = PLANE ( 'NONE',  #1653 ) ;
#264 = CIRCLE ( 'NONE', #3321, 1.274999999999998357 ) ;
#265 = ORIENTED_EDGE ( 'NONE', *, *, #444, .F. ) ;
#266 = CC_DESIGN_APPROVAL ( #1353, ( #2099 ) ) ;
#267 = CARTESIAN_POINT ( 'NONE',  ( 15.89999999999999680, -4.597017211338537222E-15, -28.00000000000000355 ) ) ;
#268 = AXIS2_PLACEMENT_3D ( 'NONE', #3426, #2392, #2102 ) ;
#269 = EDGE_CURVE ( 'NONE', #1972, #1511, #1155, .T. ) ;
#270 = ADVANCED_FACE ( 'NONE', ( #2636 ), #2376, .T. ) ;
#271 = ORIENTED_EDGE ( 'NONE', *, *, #1085, .T. ) ;
#272 = VERTEX_POINT ( 'NONE', #2359 ) ;
#273 = AXIS2_PLACEMENT_3D ( 'NONE', #833, #295, #575 ) ;
#274 = CARTESIAN_POINT ( 'NONE',  ( 89.08000000000002672, 3.999999999999996447, -28.00000000000000355 ) ) ;
#275 = LINE ( 'NONE', #2880, #3006 ) ;
#276 = CARTESIAN_POINT ( 'NONE',  ( 68.58000000000002672, -33.07213933207225409, -56.00000000000000000 ) ) ;
#277 = VECTOR ( 'NONE', #3197, 1000.000000000000000 ) ;
#278 = AXIS2_PLACEMENT_3D ( 'NONE', #2146, #2419, #3284 ) ;
#279 = DIRECTION ( 'NONE',  ( -0.5000000000000013323, 0.000000000000000000, 0.8660254037844378194 ) ) ;
#280 = DIRECTION ( 'NONE',  ( -0.000000000000000000, 1.000000000000000000, -0.000000000000000000 ) ) ;
#281 = VECTOR ( 'NONE', #1729, 1000.000000000000000 ) ;
#282 = LINE ( 'NONE', #540, #2763 ) ;
#283 = CARTESIAN_POINT ( 'NONE',  ( 120.5800000000000267, 4.000000000000015099, -28.00000000000000355 ) ) ;
#284 = DIRECTION ( 'NONE',  ( -0.000000000000000000, -0.000000000000000000, 1.000000000000000000 ) ) ;
#285 = AXIS2_PLACEMENT_3D ( 'NONE', #2139, #2638, #1639 ) ;
#286 = ORIENTED_EDGE ( 'NONE', *, *, #653, .F. ) ;
#287 = AXIS2_PLACEMENT_3D ( 'NONE', #2150, #17, #2913 ) ;
#288 = DIRECTION ( 'NONE',  ( 1.000000000000000000, 0.000000000000000000, 0.000000000000000000 ) ) ;
#289 = ORIENTED_EDGE ( 'NONE', *, *, #1949, .F. ) ;
#290 = ORIENTED_EDGE ( 'NONE', *, *, #3296, .F. ) ;
#291 = EDGE_CURVE ( 'NONE', #847, #1576, #539, .T. ) ;
#292 = DIRECTION ( 'NONE',  ( 0.000000000000000000, -0.5150380749100544886, -0.8571673007021121116 ) ) ;
#293 = LINE ( 'NONE', #2618, #1730 ) ;
#294 = EDGE_CURVE ( 'NONE', #899, #25, #525, .T. ) ;
#295 = DIRECTION ( 'NONE',  ( -0.000000000000000000, -1.000000000000000000, -0.000000000000000000 ) ) ;
#296 = CARTESIAN_POINT ( 'NONE',  ( 4.999999999999998224, -2.000000000000000000, -43.00000000000000000 ) ) ;
#297 = ADVANCED_FACE ( 'NONE', ( #312 ), #2901, .F. ) ;
#298 = DIRECTION ( 'NONE',  ( 0.000000000000000000, 0.000000000000000000, 1.000000000000000000 ) ) ;
#299 = CYLINDRICAL_SURFACE ( 'NONE', #1661, 2.000000000000001776 ) ;
#300 = CARTESIAN_POINT ( 'NONE',  ( 101.5800000000000125, 0.000000000000000000, -28.00000000000000355 ) ) ;
#301 = LINE ( 'NONE', #2447, #2534 ) ;
#302 = ORIENTED_EDGE ( 'NONE', *, *, #2410, .F. ) ;
#303 = DIRECTION ( 'NONE',  ( 1.000000000000000000, -2.891205793294678326E-16, 0.000000000000000000 ) ) ;
#304 = VERTEX_POINT ( 'NONE', #838 ) ;
#305 = ORIENTED_EDGE ( 'NONE', *, *, #3032, .F. ) ;
#306 = CARTESIAN_POINT ( 'NONE',  ( 66.43000000000000682, 0.000000000000000000, -58.00000000000000000 ) ) ;
#307 = CARTESIAN_POINT ( 'NONE',  ( 38.43000000000001393, -33.07213933207226120, -56.00000000000000000 ) ) ;
#308 = EDGE_CURVE ( 'NONE', #928, #2591, #1341, .T. ) ;
#309 = DIRECTION ( 'NONE',  ( 1.000000000000000000, -1.591489427501658389E-16, 0.000000000000000000 ) ) ;
#310 = ORIENTED_EDGE ( 'NONE', *, *, #205, .T. ) ;
#311 = DIRECTION ( 'NONE',  ( -2.365532012695647203E-16, 1.000000000000000000, 0.000000000000000000 ) ) ;
#312 = FACE_OUTER_BOUND ( 'NONE', #1004, .T. ) ;
#313 = EDGE_CURVE ( 'NONE', #1275, #3092, #3325, .T. ) ;
#314 = EDGE_CURVE ( 'NONE', #2279, #1196, #1495, .T. ) ;
#315 = DIRECTION ( 'NONE',  ( -2.365532012695647203E-16, 1.000000000000000000, 0.000000000000000000 ) ) ;
#316 = FACE_OUTER_BOUND ( 'NONE', #1493, .T. ) ;
#317 = CARTESIAN_POINT ( 'NONE',  ( 0.000000000000000000, 0.000000000000000000, -28.00000000000000355 ) ) ;
#318 = ORIENTED_EDGE ( 'NONE', *, *, #2301, .T. ) ;
#319 = CYLINDRICAL_SURFACE ( 'NONE', #2164, 8.500000000000000000 ) ;
#320 = CIRCLE ( 'NONE', #151, 5.000000000000000888 ) ;
#321 = CIRCLE ( 'NONE', #2814, 2.000000000000001776 ) ;
#322 = ORIENTED_EDGE ( 'NONE', *, *, #1084, .F. ) ;
#323 = ORIENTED_EDGE ( 'NONE', *, *, #2711, .T. ) ;
#324 = DIRECTION ( 'NONE',  ( 0.000000000000000000, 0.000000000000000000, -1.000000000000000000 ) ) ;
#325 = AXIS2_PLACEMENT_3D ( 'NONE', #1844, #2914, #1600 ) ;
#326 = CYLINDRICAL_SURFACE ( 'NONE', #2171, 4.999999999999997335 ) ;
#327 = ORIENTED_EDGE ( 'NONE', *, *, #2449, .F. ) ;
#328 = AXIS2_PLACEMENT_3D ( 'NONE', #2138, #818, #1622 ) ;
#329 = ORIENTED_EDGE ( 'NONE', *, *, #2501, .T. ) ;
#330 = DIRECTION ( 'NONE',  ( 4.625929269271485914E-16, 0.000000000000000000, 1.000000000000000000 ) ) ;
#331 = LINE ( 'NONE', #1461, #2594 ) ;
#332 = VECTOR ( 'NONE', #2404, 1000.000000000000000 ) ;
#333 = CARTESIAN_POINT ( 'NONE',  ( 17.28000000000000114, 3.999999999999998224, -33.00000000000000000 ) ) ;
#334 = DIRECTION ( 'NONE',  ( 0.000000000000000000, 0.000000000000000000, -1.000000000000000000 ) ) ;
#335 = FACE_OUTER_BOUND ( 'NONE', #2116, .T. ) ;
#336 = EDGE_CURVE ( 'NONE', #2575, #3031, #1859, .T. ) ;
#337 = VECTOR ( 'NONE', #2109, 1000.000000000000000 ) ;
#338 = VERTEX_POINT ( 'NONE', #2425 ) ;
#339 = AXIS2_PLACEMENT_3D ( 'NONE', #1929, #1724, #2463 ) ;
#340 = FACE_OUTER_BOUND ( 'NONE', #2350, .T. ) ;
#341 = VECTOR ( 'NONE', #1355, 1000.000000000000000 ) ;
#342 = VERTEX_POINT ( 'NONE', #1051 ) ;
#343 = VERTEX_POINT ( 'NONE', #1874 ) ;
#344 = PLANE ( 'NONE',  #1329 ) ;
#345 = CIRCLE ( 'NONE', #1071, 2.000000000000001776 ) ;
#346 = CYLINDRICAL_SURFACE ( 'NONE', #176, 8.500000000000000000 ) ;
#347 = ORIENTED_EDGE ( 'NONE', *, *, #1699, .T. ) ;
#348 = CARTESIAN_POINT ( 'NONE',  ( 1.999999999999999556, 28.00000000000000000, -58.00000000000000000 ) ) ;
#349 = DIRECTION ( 'NONE',  ( 2.891205793294678326E-16, 1.000000000000000000, 0.000000000000000000 ) ) ;
#350 = CARTESIAN_POINT ( 'NONE',  ( 34.90000000000000568, 0.000000000000000000, -56.00000000000000000 ) ) ;
#351 = CARTESIAN_POINT ( 'NONE',  ( 89.08000000000002672, 3.999999999999996447, -56.00000000000000000 ) ) ;
#352 = DIRECTION ( 'NONE',  ( -0.000000000000000000, -1.000000000000000000, -0.000000000000000000 ) ) ;
#353 = DIRECTION ( 'NONE',  ( -0.000000000000000000, 1.000000000000000000, -0.000000000000000000 ) ) ;
#354 = EDGE_CURVE ( 'NONE', #1785, #3238, #2106, .T. ) ;
#355 = ORIENTED_EDGE ( 'NONE', *, *, #2628, .F. ) ;
#356 = DIRECTION ( 'NONE',  ( 0.000000000000000000, -1.000000000000000000, 0.000000000000000000 ) ) ;
#357 = EDGE_LOOP ( 'NONE', ( #2027, #893, #450, #2023 ) ) ;
#358 = EDGE_CURVE ( 'NONE', #1696, #3163, #493, .T. ) ;
#359 = ORIENTED_EDGE ( 'NONE', *, *, #2920, .F. ) ;
#360 = EDGE_CURVE ( 'NONE', #3196, #2524, #2821, .T. ) ;
#361 = LINE ( 'NONE', #2697, #332 ) ;
#362 = DIRECTION ( 'NONE',  ( 1.000000000000000000, 4.336808689942013792E-16, 0.000000000000000000 ) ) ;
#363 = VERTEX_POINT ( 'NONE', #18 ) ;
#364 = ORIENTED_EDGE ( 'NONE', *, *, #817, .T. ) ;
#365 = DIRECTION ( 'NONE',  ( -0.000000000000000000, 1.000000000000000000, -0.000000000000000000 ) ) ;
#366 = FACE_BOUND ( 'NONE', #973, .T. ) ;
#367 = DIRECTION ( 'NONE',  ( 0.000000000000000000, 0.000000000000000000, -1.000000000000000000 ) ) ;
#368 = CARTESIAN_POINT ( 'NONE',  ( 136.5000000000000000, 28.00000000000000000, -58.00000000000000000 ) ) ;
#369 = DATE_AND_TIME ( #964, #2981 ) ;
#370 = DIRECTION ( 'NONE',  ( -2.365532012695647203E-16, 1.000000000000000000, 0.000000000000000000 ) ) ;
#371 = VERTEX_POINT ( 'NONE', #1083 ) ;
#372 = DIRECTION ( 'NONE',  ( 0.000000000000000000, 0.000000000000000000, -1.000000000000000000 ) ) ;
#373 = VERTEX_POINT ( 'NONE', #3201 ) ;
#374 = ORIENTED_EDGE ( 'NONE', *, *, #2599, .F. ) ;
#375 = VECTOR ( 'NONE', #1707, 1000.000000000000000 ) ;
#376 = CARTESIAN_POINT ( 'NONE',  ( 60.93000000000000682, 28.00000000000000000, -56.00000000000000000 ) ) ;
#377 = EDGE_CURVE ( 'NONE', #1191, #2087, #1722, .T. ) ;
#378 = ADVANCED_FACE ( 'NONE', ( #2742, #366, #922 ), #1185, .T. ) ;
#379 = ORIENTED_EDGE ( 'NONE', *, *, #1377, .T. ) ;
#380 = AXIS2_PLACEMENT_3D ( 'NONE', #2777, #1650, #349 ) ;
#381 = DIRECTION ( 'NONE',  ( 0.000000000000000000, 0.000000000000000000, -1.000000000000000000 ) ) ;
#382 = FACE_OUTER_BOUND ( 'NONE', #1955, .T. ) ;
#383 = VECTOR ( 'NONE', #923, 1000.000000000000000 ) ;
#384 = DIRECTION ( 'NONE',  ( 0.000000000000000000, -1.000000000000000000, 0.000000000000000000 ) ) ;
#385 = AXIS2_PLACEMENT_3D ( 'NONE', #418, #2530, #962 ) ;
#386 = DIRECTION ( 'NONE',  ( 0.000000000000000000, -0.000000000000000000, -1.000000000000000000 ) ) ;
#387 = APPROVAL_DATE_TIME ( #369, #1353 ) ;
#388 = PLANE ( 'NONE',  #1264 ) ;
#389 = AXIS2_PLACEMENT_3D ( 'NONE', #2267, #1437, #1230 ) ;
#390 = ORIENTED_EDGE ( 'NONE', *, *, #1480, .T. ) ;
#391 = LINE ( 'NONE', #110, #836 ) ;
#392 = ORIENTED_EDGE ( 'NONE', *, *, #184, .T. ) ;
#393 = VECTOR ( 'NONE', #3082, 1000.000000000000000 ) ;
#394 = ORIENTED_EDGE ( 'NONE', *, *, #3100, .F. ) ;
#395 = LINE ( 'NONE', #3302, #2162 ) ;
#396 = CIRCLE ( 'NONE', #287, 1.024999999999998135 ) ;
#398 = ADVANCED_FACE ( 'NONE', ( #1704 ), #869, .F. ) ;
#397 = ORIENTED_EDGE ( 'NONE', *, *, #2395, .T. ) ;
#399 = ORIENTED_EDGE ( 'NONE', *, *, #2735, .T. ) ;
#400 = VECTOR ( 'NONE', #1566, 1000.000000000000000 ) ;
#401 = EDGE_CURVE ( 'NONE', #1854, #1682, #3005, .T. ) ;
#402 = CARTESIAN_POINT ( 'NONE',  ( 92.58000000000004093, -33.07213933207224699, -56.00000000000000000 ) ) ;
#403 = CARTESIAN_POINT ( 'NONE',  ( 124.5000000000000142, -2.000000000000000000, -25.00000000000000000 ) ) ;
#404 = ADVANCED_FACE ( 'NONE', ( #1961 ), #646, .F. ) ;
#405 = EDGE_CURVE ( 'NONE', #3092, #1435, #2967, .T. ) ;
#406 = CARTESIAN_POINT ( 'NONE',  ( 10.49258438071939992, 0.000000000000000000, -23.00000000000000355 ) ) ;
#407 = PERSON_AND_ORGANIZATION ( #1884, #713 ) ;
#408 = VERTEX_POINT ( 'NONE', #68 ) ;
#409 = ORIENTED_EDGE ( 'NONE', *, *, #1647, .T. ) ;
#410 = CARTESIAN_POINT ( 'NONE',  ( 92.58000000000002672, -33.07213933207224699, -28.00000000000000000 ) ) ;
#411 = ORIENTED_EDGE ( 'NONE', *, *, #143, .T. ) ;
#412 = ORIENTED_EDGE ( 'NONE', *, *, #3361, .F. ) ;
#413 = DIRECTION ( 'NONE',  ( -0.000000000000000000, -1.000000000000000000, -0.000000000000000000 ) ) ;
#414 = EDGE_LOOP ( 'NONE', ( #777, #2474 ) ) ;
#415 = ORIENTED_EDGE ( 'NONE', *, *, #1845, .T. ) ;
#416 = DIRECTION ( 'NONE',  ( 2.891205793294678326E-16, 1.000000000000000000, -0.000000000000000000 ) ) ;
#417 = DIRECTION ( 'NONE',  ( -0.000000000000000000, -1.000000000000000000, -0.000000000000000000 ) ) ;
#418 = CARTESIAN_POINT ( 'NONE',  ( -3.154042683594191669E-16, 3.999999999999989786, -28.00000000000000355 ) ) ;
#419 = CARTESIAN_POINT ( 'NONE',  ( 4.999999999999998224, -2.000000000000000000, -43.00000000000000000 ) ) ;
#420 = DIRECTION ( 'NONE',  ( 0.000000000000000000, 0.000000000000000000, 1.000000000000000000 ) ) ;
#421 = DIRECTION ( 'NONE',  ( 0.000000000000000000, 0.000000000000000000, -1.000000000000000000 ) ) ;
#422 = EDGE_CURVE ( 'NONE', #1658, #2740, #3214, .T. ) ;
#423 = ADVANCED_FACE ( 'NONE', ( #1926 ), #3268, .F. ) ;
#424 = EDGE_LOOP ( 'NONE', ( #394, #3033, #2801, #1360 ) ) ;
#425 = DIRECTION ( 'NONE',  ( 0.000000000000000000, 0.000000000000000000, -1.000000000000000000 ) ) ;
#426 = CARTESIAN_POINT ( 'NONE',  ( 38.43000000000000682, 4.000000000000003553, -56.00000000000000000 ) ) ;
#427 = ORIENTED_EDGE ( 'NONE', *, *, #1991, .T. ) ;
#428 = ORIENTED_EDGE ( 'NONE', *, *, #1422, .T. ) ;
#429 = DIRECTION ( 'NONE',  ( -2.365532012695647203E-16, 1.000000000000000000, 0.000000000000000000 ) ) ;
#430 = VERTEX_POINT ( 'NONE', #1912 ) ;
#431 = VERTEX_POINT ( 'NONE', #2479 ) ;
#432 = CARTESIAN_POINT ( 'NONE',  ( 124.5000000000000142, 0.000000000000000000, -25.00000000000000000 ) ) ;
#433 = VECTOR ( 'NONE', #3083, 1000.000000000000000 ) ;
#434 = DIRECTION ( 'NONE',  ( 0.000000000000000000, 0.000000000000000000, -1.000000000000000000 ) ) ;
#435 = VECTOR ( 'NONE', #965, 1000.000000000000000 ) ;
#436 = CARTESIAN_POINT ( 'NONE',  ( 52.42999999999999972, -1.515859197424400038E-14, -36.50000000000000711 ) ) ;
#437 = PLANE ( 'NONE',  #118 ) ;
#438 = AXIS2_PLACEMENT_3D ( 'NONE', #698, #2273, #2865 ) ;
#439 = CARTESIAN_POINT ( 'NONE',  ( 137.5000000000000000, 28.00000000000000000, -58.00000000000000000 ) ) ;
#440 = ORIENTED_EDGE ( 'NONE', *, *, #1804, .F. ) ;
#441 = EDGE_CURVE ( 'NONE', #1435, #2163, #1875, .T. ) ;
#442 = VECTOR ( 'NONE', #647, 1000.000000000000000 ) ;
#443 = LINE ( 'NONE', #1294, #3338 ) ;
#444 = EDGE_CURVE ( 'NONE', #2751, #2754, #101, .T. ) ;
#445 = CARTESIAN_POINT ( 'NONE',  ( 13.90000000000000568, 28.00000000000000000, -56.00000000000000000 ) ) ;
#446 = ORIENTED_EDGE ( 'NONE', *, *, #574, .T. ) ;
#447 = ORIENTED_EDGE ( 'NONE', *, *, #2473, .F. ) ;
#448 = CARTESIAN_POINT ( 'NONE',  ( 52.43000000000000682, 28.00000000000000000, -28.00000000000000355 ) ) ;
#449 = VECTOR ( 'NONE', #3352, 1000.000000000000000 ) ;
#450 = ORIENTED_EDGE ( 'NONE', *, *, #2306, .F. ) ;
#451 = ORIENTED_EDGE ( 'NONE', *, *, #933, .F. ) ;
#452 = CONICAL_SURFACE ( 'NONE', #1619, 1.274999999999998357, 0.7853981633974430610 ) ;
#453 = DIRECTION ( 'NONE',  ( 1.000000000000000000, 3.469446951953616161E-16, 0.000000000000000000 ) ) ;
#454 = LINE ( 'NONE', #2342, #1601 ) ;
#455 = VECTOR ( 'NONE', #416, 1000.000000000000000 ) ;
#456 = FACE_OUTER_BOUND ( 'NONE', #1867, .T. ) ;
#457 = DIRECTION ( 'NONE',  ( -1.000000000000000000, 0.000000000000000000, 0.000000000000000000 ) ) ;
#458 = SHAPE_DEFINITION_REPRESENTATION ( #2475, #480 ) ;
#459 = AXIS2_PLACEMENT_3D ( 'NONE', #2539, #2818, #80 ) ;
#460 = LINE ( 'NONE', #3084, #1766 ) ;
#461 = ORIENTED_EDGE ( 'NONE', *, *, #609, .T. ) ;
#462 = LINE ( 'NONE', #2296, #1174 ) ;
#463 = CARTESIAN_POINT ( 'NONE',  ( 0.000000000000000000, 28.00000000000000000, -58.00000000000000000 ) ) ;
#464 = EDGE_CURVE ( 'NONE', #3085, #1853, #331, .T. ) ;
#465 = ORIENTED_EDGE ( 'NONE', *, *, #2915, .T. ) ;
#466 = VERTEX_POINT ( 'NONE', #1391 ) ;
#467 = DIRECTION ( 'NONE',  ( 0.000000000000000000, 0.000000000000000000, -1.000000000000000000 ) ) ;
#468 = ADVANCED_FACE ( 'NONE', ( #83 ), #134, .F. ) ;
#469 = ADVANCED_FACE ( 'NONE', ( #382 ), #1149, .T. ) ;
#470 = ORIENTED_EDGE ( 'NONE', *, *, #2224, .F. ) ;
#471 = EDGE_LOOP ( 'NONE', ( #2906, #1472, #1132, #3354 ) ) ;
#472 = LINE ( 'NONE', #2083, #1286 ) ;
#473 = CARTESIAN_POINT ( 'NONE',  ( 38.42999999999999972, 28.00000000000001066, -58.00000000000000000 ) ) ;
#474 = CARTESIAN_POINT ( 'NONE',  ( 122.5800000000000267, 0.000000000000000000, -58.00000000000000000 ) ) ;
#475 = DIRECTION ( 'NONE',  ( 0.000000000000000000, 0.000000000000000000, -1.000000000000000000 ) ) ;
#476 = LINE ( 'NONE', #211, #936 ) ;
#477 = ORIENTED_EDGE ( 'NONE', *, *, #1103, .T. ) ;
#478 = DIRECTION ( 'NONE',  ( 0.000000000000000000, 0.000000000000000000, 1.000000000000000000 ) ) ;
#479 = CARTESIAN_POINT ( 'NONE',  ( 117.0800000000000125, 3.999999999999995559, -36.50000000000000711 ) ) ;
#480 = ADVANCED_BREP_SHAPE_REPRESENTATION ( 'MountingGaugeButtonBoard', ( #2204, #2590 ), #657 ) ;
#481 = ORIENTED_EDGE ( 'NONE', *, *, #1462, .T. ) ;
#482 = CARTESIAN_POINT ( 'NONE',  ( 80.58000000000001251, 28.00000000000000000, -36.50000000000000711 ) ) ;
#483 = ORIENTED_EDGE ( 'NONE', *, *, #3145, .T. ) ;
#484 = ORIENTED_EDGE ( 'NONE', *, *, #1045, .F. ) ;
#485 = DIRECTION ( 'NONE',  ( -1.000000000000000000, -3.145464145016876674E-16, 0.000000000000000000 ) ) ;
#486 = EDGE_CURVE ( 'NONE', #2065, #2667, #3271, .T. ) ;
#487 = LINE ( 'NONE', #1755, #2373 ) ;
#488 = DIRECTION ( 'NONE',  ( 7.885106708985501360E-17, -1.000000000000000000, -0.000000000000000000 ) ) ;
#489 = APPROVAL_DATE_TIME ( #175, #2472 ) ;
#490 = FACE_OUTER_BOUND ( 'NONE', #3047, .T. ) ;
#491 = AXIS2_PLACEMENT_3D ( 'NONE', #1219, #2278, #3350 ) ;
#492 = ORIENTED_EDGE ( 'NONE', *, *, #3375, .T. ) ;
#493 = CIRCLE ( 'NONE', #325, 2.000000000000001776 ) ;
#494 = CARTESIAN_POINT ( 'NONE',  ( 117.0800000000000125, 3.999999999999995559, -56.00000000000000000 ) ) ;
#495 = CARTESIAN_POINT ( 'NONE',  ( 66.58000000000001251, 3.999999999999996447, -56.00000000000000000 ) ) ;
#496 = VECTOR ( 'NONE', #3007, 1000.000000000000000 ) ;
#497 = VERTEX_POINT ( 'NONE', #403 ) ;
#498 = DIRECTION ( 'NONE',  ( -0.000000000000000000, 1.000000000000000000, -0.000000000000000000 ) ) ;
#499 = CIRCLE ( 'NONE', #2430, 1.999999999999998224 ) ;
#500 = ORIENTED_EDGE ( 'NONE', *, *, #1462, .F. ) ;
#501 = VECTOR ( 'NONE', #2180, 1000.000000000000000 ) ;
#502 = ORIENTED_EDGE ( 'NONE', *, *, #507, .T. ) ;
#503 = DIRECTION ( 'NONE',  ( 7.885106708985501360E-17, -1.000000000000000000, -0.000000000000000000 ) ) ;
#504 = AXIS2_PLACEMENT_3D ( 'NONE', #2573, #1813, #195 ) ;
#505 = EDGE_CURVE ( 'NONE', #363, #1202, #886, .T. ) ;
#506 = CYLINDRICAL_SURFACE ( 'NONE', #1382, 5.000000000000000888 ) ;
#507 = EDGE_CURVE ( 'NONE', #149, #741, #2262, .T. ) ;
#508 = CIRCLE ( 'NONE', #2439, 3.893700871709253164 ) ;
#509 = CARTESIAN_POINT ( 'NONE',  ( 131.5000000000000000, -2.000000000000000000, -28.00000000000000000 ) ) ;
#510 = DIRECTION ( 'NONE',  ( -0.000000000000000000, 1.000000000000000000, -0.000000000000000000 ) ) ;
#511 = AXIS2_PLACEMENT_3D ( 'NONE', #2343, #209, #1776 ) ;
#512 = ADVANCED_FACE ( 'NONE', ( #2324 ), #1475, .T. ) ;
#513 = ADVANCED_FACE ( 'NONE', ( #1739 ), #204, .T. ) ;
#514 = ORIENTED_EDGE ( 'NONE', *, *, #1984, .F. ) ;
#515 = AXIS2_PLACEMENT_3D ( 'NONE', #93, #2282, #1484 ) ;
#516 = CARTESIAN_POINT ( 'NONE',  ( 43.93000000000000682, 4.000000000000000000, -28.00000000000000355 ) ) ;
#517 = LINE ( 'NONE', #2363, #2421 ) ;
#518 = ORIENTED_EDGE ( 'NONE', *, *, #1636, .T. ) ;
#519 = CARTESIAN_POINT ( 'NONE',  ( 64.43000000000002103, -33.07213933207225409, -56.00000000000000000 ) ) ;
#520 = EDGE_LOOP ( 'NONE', ( #710, #953, #1141, #3139, #2887, #2681, #534, #1482 ) ) ;
#521 = ORIENTED_EDGE ( 'NONE', *, *, #609, .F. ) ;
#522 = DIRECTION ( 'NONE',  ( -1.000000000000000000, 0.000000000000000000, 0.000000000000000000 ) ) ;
#523 = CARTESIAN_POINT ( 'NONE',  ( 38.43000000000000682, 3.999999999999998224, -58.00000000000000000 ) ) ;
#524 = LINE ( 'NONE', #814, #2724 ) ;
#525 = LINE ( 'NONE', #1571, #2103 ) ;
#526 = DIRECTION ( 'NONE',  ( 1.000000000000000000, 2.365532012695647203E-16, 0.000000000000000000 ) ) ;
#527 = CARTESIAN_POINT ( 'NONE',  ( 92.58000000000002672, 4.000000000000007994, -55.99999999999999289 ) ) ;
#528 = CARTESIAN_POINT ( 'NONE',  ( 52.43000000000000682, 4.000000000000002665, -36.50000000000000711 ) ) ;
#529 = CC_DESIGN_PERSON_AND_ORGANIZATION_ASSIGNMENT ( #407, #1964, ( #3009 ) ) ;
#530 = EDGE_CURVE ( 'NONE', #2418, #2112, #1712, .T. ) ;
#531 = VERTEX_POINT ( 'NONE', #227 ) ;
#532 = CARTESIAN_POINT ( 'NONE',  ( 100.0799999999999983, 3.999999999999997335, -36.50000000000000711 ) ) ;
#533 = ORIENTED_EDGE ( 'NONE', *, *, #314, .F. ) ;
#534 = ORIENTED_EDGE ( 'NONE', *, *, #697, .F. ) ;
#535 = CARTESIAN_POINT ( 'NONE',  ( -3.154042683594191669E-16, 3.999999999999989786, -28.00000000000000355 ) ) ;
#536 = FACE_OUTER_BOUND ( 'NONE', #1970, .T. ) ;
#537 = FACE_OUTER_BOUND ( 'NONE', #1504, .T. ) ;
#538 = LINE ( 'NONE', #1318, #1396 ) ;
#539 = LINE ( 'NONE', #260, #546 ) ;
#540 = CARTESIAN_POINT ( 'NONE',  ( 139.5000000000000000, -1.999999999999998224, -15.00000000000000000 ) ) ;
#541 = DIRECTION ( 'NONE',  ( 0.000000000000000000, 0.000000000000000000, -1.000000000000000000 ) ) ;
#542 = LINE ( 'NONE', #1915, #2756 ) ;
#543 = AXIS2_PLACEMENT_3D ( 'NONE', #1319, #510, #2170 ) ;
#544 = EDGE_CURVE ( 'NONE', #1046, #2751, #1105, .T. ) ;
#545 = ORIENTED_EDGE ( 'NONE', *, *, #486, .T. ) ;
#546 = VECTOR ( 'NONE', #1, 1000.000000000000000 ) ;
#547 = EDGE_CURVE ( 'NONE', #3277, #2506, #2792, .T. ) ;
#548 = LINE ( 'NONE', #3258, #1558 ) ;
#549 = AXIS2_PLACEMENT_3D ( 'NONE', #3150, #798, #1338 ) ;
#550 = ORIENTED_EDGE ( 'NONE', *, *, #1444, .T. ) ;
#551 = ORIENTED_EDGE ( 'NONE', *, *, #2100, .F. ) ;
#552 = ADVANCED_FACE ( 'NONE', ( #1215 ), #2849, .F. ) ;
#553 = LINE ( 'NONE', #1615, #104 ) ;
#554 = CARTESIAN_POINT ( 'NONE',  ( 8.750000000000000000, 4.250000000000000000, -32.30000000000000426 ) ) ;
#555 = LINE ( 'NONE', #276, #2930 ) ;
#556 = CIRCLE ( 'NONE', #2491, 5.000000000000000888 ) ;
#557 = AXIS2_PLACEMENT_3D ( 'NONE', #929, #356, #1416 ) ;
#558 = CARTESIAN_POINT ( 'NONE',  ( 136.5000000000000000, -2.000000000000000000, -28.00000000000003553 ) ) ;
#559 = DIRECTION ( 'NONE',  ( -2.365532012695647203E-16, 1.000000000000000000, 0.000000000000000000 ) ) ;
#560 = VECTOR ( 'NONE', #154, 1000.000000000000000 ) ;
#561 = DIRECTION ( 'NONE',  ( 0.000000000000000000, -1.000000000000000000, 0.000000000000000000 ) ) ;
#562 = CYLINDRICAL_SURFACE ( 'NONE', #1392, 5.000000000000004441 ) ;
#563 = DIRECTION ( 'NONE',  ( -1.243529373460076734E-16, 0.000000000000000000, -1.000000000000000000 ) ) ;
#564 = AXIS2_PLACEMENT_3D ( 'NONE', #1873, #1067, #1858 ) ;
#565 = ORIENTED_EDGE ( 'NONE', *, *, #2767, .T. ) ;
#566 = AXIS2_PLACEMENT_3D ( 'NONE', #3022, #2513, #2200 ) ;
#567 = CARTESIAN_POINT ( 'NONE',  ( 38.27999999999999403, 3.999999999999996447, -56.00000000000000000 ) ) ;
#568 = EDGE_CURVE ( 'NONE', #1467, #1139, #3161, .T. ) ;
#569 = ORIENTED_EDGE ( 'NONE', *, *, #2193, .T. ) ;
#570 = ORIENTED_EDGE ( 'NONE', *, *, #249, .T. ) ;
#571 = DIRECTION ( 'NONE',  ( 0.000000000000000000, 0.000000000000000000, -1.000000000000000000 ) ) ;
#572 = CARTESIAN_POINT ( 'NONE',  ( 40.43000000000001393, -33.07213933207226120, -56.00000000000000000 ) ) ;
#573 = EDGE_CURVE ( 'NONE', #1516, #2579, #1659, .T. ) ;
#574 = EDGE_CURVE ( 'NONE', #688, #2068, #1288, .T. ) ;
#575 = DIRECTION ( 'NONE',  ( 0.000000000000000000, 0.000000000000000000, -1.000000000000000000 ) ) ;
#576 = ORIENTED_EDGE ( 'NONE', *, *, #2671, .F. ) ;
#577 = CARTESIAN_POINT ( 'NONE',  ( 122.5800000000000267, 28.00000000000002842, -56.00000000000000000 ) ) ;
#578 = DIRECTION ( 'NONE',  ( -0.000000000000000000, 1.000000000000000000, -0.000000000000000000 ) ) ;
#579 = CARTESIAN_POINT ( 'NONE',  ( 119.0800000000000125, 3.999999999999996447, -56.00000000000000000 ) ) ;
#580 = CARTESIAN_POINT ( 'NONE',  ( 130.7500000000000000, 4.250000000000000000, -32.30000000000000426 ) ) ;
#581 = DIRECTION ( 'NONE',  ( 0.000000000000000000, -1.000000000000000000, 0.000000000000000000 ) ) ;
#582 = ORIENTED_EDGE ( 'NONE', *, *, #2177, .T. ) ;
#583 = DIRECTION ( 'NONE',  ( 4.625929269271485914E-16, 0.000000000000000000, -1.000000000000000000 ) ) ;
#584 = ORIENTED_EDGE ( 'NONE', *, *, #2706, .T. ) ;
#585 = ORIENTED_EDGE ( 'NONE', *, *, #1145, .F. ) ;
#586 = FACE_OUTER_BOUND ( 'NONE', #938, .T. ) ;
#587 = CARTESIAN_POINT ( 'NONE',  ( 59.43000000000002103, -33.07213933207225409, -33.00000000000000000 ) ) ;
#588 = ORIENTED_EDGE ( 'NONE', *, *, #800, .F. ) ;
#589 = ADVANCED_FACE ( 'NONE', ( #3344 ), #3103, .F. ) ;
#590 = CARTESIAN_POINT ( 'NONE',  ( 12.27999999999999758, 0.000000000000000000, -56.00000000000000000 ) ) ;
#591 = DIRECTION ( 'NONE',  ( -0.000000000000000000, -1.000000000000000000, -0.000000000000000000 ) ) ;
#592 = PLANE ( 'NONE',  #3328 ) ;
#593 = CARTESIAN_POINT ( 'NONE',  ( 13.90000000000000568, 27.99999999999999645, -56.00000000000000000 ) ) ;
#594 = CARTESIAN_POINT ( 'NONE',  ( 8.750000000000000000, -1.734723475976807094E-15, -32.30000000000000426 ) ) ;
#595 = VERTEX_POINT ( 'NONE', #2071 ) ;
#596 = CARTESIAN_POINT ( 'NONE',  ( 72.07999999999999829, 28.00000000000000000, -56.00000000000000000 ) ) ;
#597 = CIRCLE ( 'NONE', #3319, 2.000000000000001776 ) ;
#598 = AXIS2_PLACEMENT_3D ( 'NONE', #2034, #3097, #1037 ) ;
#599 = SECURITY_CLASSIFICATION ( '', '', #2105 ) ;
#600 = EDGE_LOOP ( 'NONE', ( #1211, #1488, #2908, #2303, #2789, #623, #1450, #1765 ) ) ;
#601 = VERTEX_POINT ( 'NONE', #1808 ) ;
#602 = DIRECTION ( 'NONE',  ( 0.000000000000000000, 1.000000000000000000, 0.000000000000000000 ) ) ;
#603 = VECTOR ( 'NONE', #1583, 1000.000000000000000 ) ;
#604 = DIRECTION ( 'NONE',  ( 0.000000000000000000, 0.000000000000000000, -1.000000000000000000 ) ) ;
#605 = EDGE_LOOP ( 'NONE', ( #1806, #95, #2523, #576, #2182 ) ) ;
#606 = VECTOR ( 'NONE', #2657, 1000.000000000000000 ) ;
#607 = ORIENTED_EDGE ( 'NONE', *, *, #765, .F. ) ;
#608 = DIRECTION ( 'NONE',  ( 1.000000000000000000, 2.365532012695647203E-16, 0.000000000000000000 ) ) ;
#609 = EDGE_CURVE ( 'NONE', #1346, #1515, #454, .T. ) ;
#610 = DIRECTION ( 'NONE',  ( 0.000000000000000000, 0.000000000000000000, 1.000000000000000000 ) ) ;
#611 = ADVANCED_FACE ( 'NONE', ( #751 ), #171, .T. ) ;
#612 = AXIS2_PLACEMENT_3D ( 'NONE', #1282, #498, #3435 ) ;
#613 = CARTESIAN_POINT ( 'NONE',  ( 64.43000000000000682, 0.000000000000000000, -28.00000000000000355 ) ) ;
#614 = CARTESIAN_POINT ( 'NONE',  ( 0.000000000000000000, 28.00000000000000000, -58.00000000000000000 ) ) ;
#615 = CARTESIAN_POINT ( 'NONE',  ( 137.5000000000000000, 28.00000000000000000, -15.00000000000000000 ) ) ;
#616 = ORIENTED_EDGE ( 'NONE', *, *, #1838, .T. ) ;
#617 = EDGE_CURVE ( 'NONE', #728, #342, #487, .T. ) ;
#618 = EDGE_CURVE ( 'NONE', #2612, #2740, #961, .T. ) ;
#619 = ORIENTED_EDGE ( 'NONE', *, *, #401, .T. ) ;
#620 = CIRCLE ( 'NONE', #6, 2.000000000000001776 ) ;
#621 = DIRECTION ( 'NONE',  ( 0.000000000000000000, -0.7071067811865512365, -0.7071067811865439090 ) ) ;
#622 = VECTOR ( 'NONE', #2755, 1000.000000000000000 ) ;
#623 = ORIENTED_EDGE ( 'NONE', *, *, #2876, .T. ) ;
#624 = VERTEX_POINT ( 'NONE', #1238 ) ;
#625 = CYLINDRICAL_SURFACE ( 'NONE', #2548, 1.024999999999998135 ) ;
#626 = DIRECTION ( 'NONE',  ( -0.000000000000000000, -1.000000000000000000, -0.000000000000000000 ) ) ;
#627 = EDGE_LOOP ( 'NONE', ( #2771, #1508, #3051, #43 ) ) ;
#628 = CARTESIAN_POINT ( 'NONE',  ( 59.43000000000001393, 0.000000000000000000, -33.00000000000000000 ) ) ;
#629 = CARTESIAN_POINT ( 'NONE',  ( 2.000000000000001776, -1.999999999999998224, -14.99999999999998224 ) ) ;
#630 = CARTESIAN_POINT ( 'NONE',  ( 40.43000000000000682, 0.000000000000000000, -56.00000000000000000 ) ) ;
#631 = DIRECTION ( 'NONE',  ( 0.000000000000000000, 0.000000000000000000, 1.000000000000000000 ) ) ;
#632 = DIRECTION ( 'NONE',  ( 3.145464145016877167E-16, -1.000000000000000000, 0.000000000000000000 ) ) ;
#633 = DESIGN_CONTEXT ( 'detailed design', #3168, 'design' ) ;
#634 = ORIENTED_EDGE ( 'NONE', *, *, #2559, .F. ) ;
#635 = ORIENTED_EDGE ( 'NONE', *, *, #1354, .F. ) ;
#636 = EDGE_CURVE ( 'NONE', #624, #3092, #1774, .T. ) ;
#637 = DIRECTION ( 'NONE',  ( 0.000000000000000000, -1.000000000000000000, 0.000000000000000000 ) ) ;
#638 = EDGE_CURVE ( 'NONE', #1178, #857, #996, .T. ) ;
#639 = ORIENTED_EDGE ( 'NONE', *, *, #3034, .F. ) ;
#640 = ORIENTED_EDGE ( 'NONE', *, *, #3076, .F. ) ;
#641 = DIRECTION ( 'NONE',  ( 0.000000000000000000, 0.000000000000000000, -1.000000000000000000 ) ) ;
#642 = DIRECTION ( 'NONE',  ( -2.365532012695647203E-16, 1.000000000000000000, 0.000000000000000000 ) ) ;
#643 = ORIENTED_EDGE ( 'NONE', *, *, #2410, .T. ) ;
#644 = ORIENTED_EDGE ( 'NONE', *, *, #2141, .T. ) ;
#645 = PLANE ( 'NONE',  #2837 ) ;
#646 = CYLINDRICAL_SURFACE ( 'NONE', #939, 4.999999999999997335 ) ;
#647 = DIRECTION ( 'NONE',  ( -2.365532012695647203E-16, 1.000000000000000000, 0.000000000000000000 ) ) ;
#648 = DIRECTION ( 'NONE',  ( 0.000000000000000000, -1.000000000000000000, 0.000000000000000000 ) ) ;
#649 = COORDINATED_UNIVERSAL_TIME_OFFSET ( 1, 0, .AHEAD. ) ;
#650 = DIRECTION ( 'NONE',  ( 0.000000000000000000, 0.000000000000000000, -1.000000000000000000 ) ) ;
#651 = VERTEX_POINT ( 'NONE', #1252 ) ;
#652 = FACE_OUTER_BOUND ( 'NONE', #2802, .T. ) ;
#653 = EDGE_CURVE ( 'NONE', #233, #2078, #3199, .T. ) ;
#654 = EDGE_CURVE ( 'NONE', #3440, #774, #555, .T. ) ;
#655 = ORIENTED_EDGE ( 'NONE', *, *, #1781, .F. ) ;
#656 = ORIENTED_EDGE ( 'NONE', *, *, #1103, .F. ) ;
#657 =( GEOMETRIC_REPRESENTATION_CONTEXT ( 3 ) GLOBAL_UNCERTAINTY_ASSIGNED_CONTEXT ( ( #138 ) ) GLOBAL_UNIT_ASSIGNED_CONTEXT ( ( #2483, #1758, #2464 ) ) REPRESENTATION_CONTEXT ( 'NONE', 'WORKASPACE' ) );
#658 = CARTESIAN_POINT ( 'NONE',  ( 130.7500000000000000, 0.000000000000000000, -33.32500000000000284 ) ) ;
#659 = EDGE_CURVE ( 'NONE', #2512, #3037, #1618, .T. ) ;
#660 = ORIENTED_EDGE ( 'NONE', *, *, #401, .F. ) ;
#661 = VECTOR ( 'NONE', #714, 1000.000000000000000 ) ;
#662 = PLANE ( 'NONE',  #842 ) ;
#663 = CARTESIAN_POINT ( 'NONE',  ( 100.0799999999999983, 0.000000000000000000, -28.00000000000000355 ) ) ;
#664 = CIRCLE ( 'NONE', #3106, 8.500000000000007105 ) ;
#665 = CARTESIAN_POINT ( 'NONE',  ( 100.0799999999999983, 3.999999999999997335, -56.00000000000000000 ) ) ;
#666 = VECTOR ( 'NONE', #2910, 1000.000000000000000 ) ;
#667 = CYLINDRICAL_SURFACE ( 'NONE', #2384, 3.893700871709260269 ) ;
#668 = FACE_OUTER_BOUND ( 'NONE', #2877, .T. ) ;
#669 = AXIS2_PLACEMENT_3D ( 'NONE', #23, #1933, #2994 ) ;
#670 = EDGE_LOOP ( 'NONE', ( #3067, #1762, #533, #1735 ) ) ;
#671 = LINE ( 'NONE', #1222, #1114 ) ;
#672 = VECTOR ( 'NONE', #583, 1000.000000000000000 ) ;
#673 = ORIENTED_EDGE ( 'NONE', *, *, #654, .T. ) ;
#674 = VECTOR ( 'NONE', #124, 1000.000000000000000 ) ;
#675 = ORIENTED_EDGE ( 'NONE', *, *, #2962, .T. ) ;
#676 = EDGE_CURVE ( 'NONE', #342, #2381, #2544, .T. ) ;
#677 = LINE ( 'NONE', #2752, #2111 ) ;
#678 = VECTOR ( 'NONE', #1050, 1000.000000000000000 ) ;
#679 = VERTEX_POINT ( 'NONE', #1316 ) ;
#680 = VERTEX_POINT ( 'NONE', #2119 ) ;
#681 = CIRCLE ( 'NONE', #515, 4.999999999999997335 ) ;
#682 = CARTESIAN_POINT ( 'NONE',  ( 89.08000000000002672, 0.000000000000000000, -56.00000000000000000 ) ) ;
#683 = EDGE_CURVE ( 'NONE', #2046, #1614, #780, .T. ) ;
#684 = DIRECTION ( 'NONE',  ( 0.000000000000000000, 0.000000000000000000, -1.000000000000000000 ) ) ;
#685 = DIRECTION ( 'NONE',  ( 0.000000000000000000, 0.000000000000000000, -1.000000000000000000 ) ) ;
#686 = LINE ( 'NONE', #1963, #782 ) ;
#687 = CARTESIAN_POINT ( 'NONE',  ( 73.58000000000002672, 0.000000000000000000, -33.00000000000000000 ) ) ;
#688 = VERTEX_POINT ( 'NONE', #523 ) ;
#689 = ORIENTED_EDGE ( 'NONE', *, *, #2748, .T. ) ;
#690 = DIRECTION ( 'NONE',  ( -0.000000000000000000, -1.000000000000000000, -0.000000000000000000 ) ) ;
#691 = ORIENTED_EDGE ( 'NONE', *, *, #184, .F. ) ;
#692 = ORIENTED_EDGE ( 'NONE', *, *, #1232, .T. ) ;
#693 = CARTESIAN_POINT ( 'NONE',  ( 119.0800000000000125, 28.00000000000000000, -56.00000000000000000 ) ) ;
#694 = VERTEX_POINT ( 'NONE', #3444 ) ;
#695 = ORIENTED_EDGE ( 'NONE', *, *, #354, .T. ) ;
#696 = FACE_OUTER_BOUND ( 'NONE', #2567, .T. ) ;
#697 = EDGE_CURVE ( 'NONE', #1789, #2112, #1081, .T. ) ;
#698 = CARTESIAN_POINT ( 'NONE',  ( 43.93000000000000682, 0.000000000000000000, -28.00000000000000355 ) ) ;
#699 = ADVANCED_FACE ( 'NONE', ( #1871 ), #2929, .F. ) ;
#700 = LINE ( 'NONE', #2032, #3331 ) ;
#701 = DIRECTION ( 'NONE',  ( 0.8660254037844387076, -0.000000000000000000, 0.4999999999999999445 ) ) ;
#702 = CARTESIAN_POINT ( 'NONE',  ( 91.08000000000002672, 28.00000000000000000, -58.00000000000000000 ) ) ;
#703 = ORIENTED_EDGE ( 'NONE', *, *, #3443, .F. ) ;
#704 = CARTESIAN_POINT ( 'NONE',  ( 8.750000000000000000, 0.000000000000000000, -32.30000000000000426 ) ) ;
#705 = DIRECTION ( 'NONE',  ( 2.365532012695647203E-16, -1.000000000000000000, -0.000000000000000000 ) ) ;
#706 = ORIENTED_EDGE ( 'NONE', *, *, #573, .F. ) ;
#707 = ORIENTED_EDGE ( 'NONE', *, *, #1529, .F. ) ;
#708 = DIRECTION ( 'NONE',  ( 0.000000000000000000, -1.000000000000000000, 0.000000000000000000 ) ) ;
#709 = ORIENTED_EDGE ( 'NONE', *, *, #314, .T. ) ;
#710 = ORIENTED_EDGE ( 'NONE', *, *, #3079, .F. ) ;
#711 = VECTOR ( 'NONE', #2932, 1000.000000000000000 ) ;
#712 = LINE ( 'NONE', #2341, #1840 ) ;
#713 = ORGANIZATION ( 'UNSPECIFIED', 'UNSPECIFIED', '' ) ;
#714 = DIRECTION ( 'NONE',  ( 2.365532012695647203E-16, -1.000000000000000000, -0.000000000000000000 ) ) ;
#715 = AXIS2_PLACEMENT_3D ( 'NONE', #2675, #559, #3220 ) ;
#716 = CARTESIAN_POINT ( 'NONE',  ( 98.07999999999999829, 28.00000000000000000, -58.00000000000000000 ) ) ;
#717 = EDGE_CURVE ( 'NONE', #373, #1275, #1581, .T. ) ;
#718 = CARTESIAN_POINT ( 'NONE',  ( 98.07999999999999829, 3.999999999999996447, -56.00000000000000000 ) ) ;
#719 = VECTOR ( 'NONE', #1357, 1000.000000000000000 ) ;
#720 = CYLINDRICAL_SURFACE ( 'NONE', #2260, 1.024999999999998135 ) ;
#721 = ORIENTED_EDGE ( 'NONE', *, *, #3188, .T. ) ;
#722 = CIRCLE ( 'NONE', #3110, 2.000000000000001776 ) ;
#723 = DIRECTION ( 'NONE',  ( 0.000000000000000000, 0.000000000000000000, -1.000000000000000000 ) ) ;
#724 = PLANE ( 'NONE',  #3157 ) ;
#725 = ADVANCED_FACE ( 'NONE', ( #241 ), #2634, .F. ) ;
#726 = ADVANCED_FACE ( 'NONE', ( #3185 ), #3274, .F. ) ;
#727 = VECTOR ( 'NONE', #92, 1000.000000000000000 ) ;
#728 = VERTEX_POINT ( 'NONE', #766 ) ;
#729 = ORIENTED_EDGE ( 'NONE', *, *, #2986, .T. ) ;
#730 = VECTOR ( 'NONE', #935, 1000.000000000000000 ) ;
#731 = CARTESIAN_POINT ( 'NONE',  ( 134.5000000000000000, -2.000000000000000000, -56.00000000000000000 ) ) ;
#732 = VECTOR ( 'NONE', #2694, 1000.000000000000000 ) ;
#733 = ORIENTED_EDGE ( 'NONE', *, *, #2307, .F. ) ;
#734 = EDGE_LOOP ( 'NONE', ( #1555, #545, #1455, #219, #2949 ) ) ;
#735 = CARTESIAN_POINT ( 'NONE',  ( 62.93000000000001393, 27.99999999999998224, -58.00000000000000000 ) ) ;
#736 = DIRECTION ( 'NONE',  ( 1.000000000000000000, 0.000000000000000000, -0.000000000000000000 ) ) ;
#737 = AXIS2_PLACEMENT_3D ( 'NONE', #628, #905, #2220 ) ;
#738 = CARTESIAN_POINT ( 'NONE',  ( 8.750000000000000000, 0.2500000000000011102, -33.32500000000000284 ) ) ;
#739 = CARTESIAN_POINT ( 'NONE',  ( 139.5000000000000000, 28.00000000000000000, 0.000000000000000000 ) ) ;
#740 = DIRECTION ( 'NONE',  ( -0.000000000000000000, 1.000000000000000000, 0.000000000000000000 ) ) ;
#741 = VERTEX_POINT ( 'NONE', #1352 ) ;
#742 = CARTESIAN_POINT ( 'NONE',  ( 100.0799999999999983, 28.00000000000000000, -28.00000000000000355 ) ) ;
#743 = DIRECTION ( 'NONE',  ( 4.625929269271485914E-16, -0.000000000000000000, 1.000000000000000000 ) ) ;
#744 = ORIENTED_EDGE ( 'NONE', *, *, #2286, .T. ) ;
#745 = ORIENTED_EDGE ( 'NONE', *, *, #2859, .F. ) ;
#746 = ADVANCED_FACE ( 'NONE', ( #1366 ), #1034, .T. ) ;
#747 = CARTESIAN_POINT ( 'NONE',  ( 108.5800000000000125, 3.999999999999995559, -28.00000000000000355 ) ) ;
#748 = ORIENTED_EDGE ( 'NONE', *, *, #1167, .F. ) ;
#749 = ORIENTED_EDGE ( 'NONE', *, *, #2793, .T. ) ;
#750 = LINE ( 'NONE', #993, #1343 ) ;
#751 = FACE_OUTER_BOUND ( 'NONE', #3366, .T. ) ;
#752 = LINE ( 'NONE', #2055, #1283 ) ;
#753 = FACE_OUTER_BOUND ( 'NONE', #2666, .T. ) ;
#754 = ORIENTED_EDGE ( 'NONE', *, *, #618, .F. ) ;
#755 = LINE ( 'NONE', #1556, #337 ) ;
#756 = DIRECTION ( 'NONE',  ( 1.000000000000000000, 0.000000000000000000, -0.000000000000000000 ) ) ;
#757 = EDGE_LOOP ( 'NONE', ( #2289, #1310, #794, #2082 ) ) ;
#758 = DIRECTION ( 'NONE',  ( 0.000000000000000000, -1.000000000000000000, 0.000000000000000000 ) ) ;
#759 = EDGE_CURVE ( 'NONE', #3057, #1614, #1822, .T. ) ;
#760 = ADVANCED_FACE ( 'NONE', ( #537 ), #506, .F. ) ;
#761 = ORIENTED_EDGE ( 'NONE', *, *, #2224, .T. ) ;
#762 = ORIENTED_EDGE ( 'NONE', *, *, #1587, .F. ) ;
#763 = LINE ( 'NONE', #225, #2389 ) ;
#764 = ADVANCED_FACE ( 'NONE', ( #1066 ), #2357, .F. ) ;
#765 = EDGE_CURVE ( 'NONE', #1193, #741, #14, .T. ) ;
#766 = CARTESIAN_POINT ( 'NONE',  ( 115.5800000000000125, 3.999999999999995559, -28.00000000000000355 ) ) ;
#767 = AXIS2_PLACEMENT_3D ( 'NONE', #317, #3192, #21 ) ;
#768 = FACE_OUTER_BOUND ( 'NONE', #2545, .T. ) ;
#769 = CARTESIAN_POINT ( 'NONE',  ( 60.92999999999999972, 3.999999999999998224, -28.00000000000000355 ) ) ;
#770 = VERTEX_POINT ( 'NONE', #3216 ) ;
#771 = DIRECTION ( 'NONE',  ( 0.000000000000000000, -1.000000000000000000, 0.000000000000000000 ) ) ;
#772 = FACE_OUTER_BOUND ( 'NONE', #2270, .T. ) ;
#773 = CIRCLE ( 'NONE', #1216, 2.000000000000001776 ) ;
#774 = VERTEX_POINT ( 'NONE', #1893 ) ;
#775 = DIRECTION ( 'NONE',  ( 0.000000000000000000, -0.000000000000000000, -1.000000000000000000 ) ) ;
#776 = ORIENTED_EDGE ( 'NONE', *, *, #3055, .F. ) ;
#777 = ORIENTED_EDGE ( 'NONE', *, *, #205, .F. ) ;
#778 = CARTESIAN_POINT ( 'NONE',  ( 136.5000000000000000, -1.999999999999998224, -56.00000000000000000 ) ) ;
#779 = VECTOR ( 'NONE', #2764, 1000.000000000000000 ) ;
#780 = LINE ( 'NONE', #2372, #1877 ) ;
#781 = EDGE_CURVE ( 'NONE', #2011, #2575, #1775, .T. ) ;
#782 = VECTOR ( 'NONE', #1151, 1000.000000000000000 ) ;
#783 = ADVANCED_FACE ( 'NONE', ( #3202 ), #299, .T. ) ;
#784 = DIRECTION ( 'NONE',  ( -1.000000000000000000, 0.000000000000000000, 0.000000000000000000 ) ) ;
#785 = PERSON_AND_ORGANIZATION_ROLE ( 'creator' ) ;
#786 = CARTESIAN_POINT ( 'NONE',  ( 60.92999999999999972, -1.761611689854447604E-14, -36.50000000000000711 ) ) ;
#787 = CIRCLE ( 'NONE', #737, 4.999999999999997335 ) ;
#788 = CARTESIAN_POINT ( 'NONE',  ( 2.999999999999999556, 28.00000000000000000, -58.00000000000000000 ) ) ;
#789 = AXIS2_PLACEMENT_3D ( 'NONE', #2897, #503, #522 ) ;
#790 = DIRECTION ( 'NONE',  ( 0.000000000000000000, 0.000000000000000000, 1.000000000000000000 ) ) ;
#791 = CYLINDRICAL_SURFACE ( 'NONE', #1598, 2.000000000000001776 ) ;
#792 = ORIENTED_EDGE ( 'NONE', *, *, #1041, .F. ) ;
#793 = CARTESIAN_POINT ( 'NONE',  ( 12.43943481657403005, -2.000000000000000000, -23.52165700207143573 ) ) ;
#794 = ORIENTED_EDGE ( 'NONE', *, *, #1699, .F. ) ;
#795 = ORIENTED_EDGE ( 'NONE', *, *, #800, .T. ) ;
#796 = LINE ( 'NONE', #208, #2992 ) ;
#797 = DIRECTION ( 'NONE',  ( -0.000000000000000000, -0.000000000000000000, 1.000000000000000000 ) ) ;
#798 = DIRECTION ( 'NONE',  ( -2.365532012695647203E-16, 1.000000000000000000, 0.000000000000000000 ) ) ;
#799 = DIRECTION ( 'NONE',  ( -0.000000000000000000, 1.000000000000000000, -0.000000000000000000 ) ) ;
#800 = EDGE_CURVE ( 'NONE', #1902, #2230, #34, .T. ) ;
#801 = CARTESIAN_POINT ( 'NONE',  ( 134.5000000000000000, 0.000000000000000000, -58.00000000000000000 ) ) ;
#802 = EDGE_CURVE ( 'NONE', #2804, #1202, #282, .T. ) ;
#803 = CARTESIAN_POINT ( 'NONE',  ( 43.93000000000000682, 4.000000000000000000, -36.50000000000000711 ) ) ;
#804 = FACE_OUTER_BOUND ( 'NONE', #851, .T. ) ;
#805 = PLANE ( 'NONE',  #3432 ) ;
#806 = EDGE_CURVE ( 'NONE', #601, #1614, #1638, .T. ) ;
#807 = ORIENTED_EDGE ( 'NONE', *, *, #3206, .F. ) ;
#808 = DIRECTION ( 'NONE',  ( 2.891205793294678326E-16, 1.000000000000000000, 0.000000000000000000 ) ) ;
#809 = ORIENTED_EDGE ( 'NONE', *, *, #3142, .F. ) ;
#810 = ORIENTED_EDGE ( 'NONE', *, *, #2494, .T. ) ;
#811 = CARTESIAN_POINT ( 'NONE',  ( 60.92999999999999972, 3.999999999999998224, -56.00000000000000000 ) ) ;
#812 = CARTESIAN_POINT ( 'NONE',  ( 91.08000000000002672, 28.00000000000000000, -58.00000000000000000 ) ) ;
#813 = DIRECTION ( 'NONE',  ( -0.000000000000000000, 1.000000000000000000, -0.000000000000000000 ) ) ;
#814 = CARTESIAN_POINT ( 'NONE',  ( 4.999999999999998224, 0.000000000000000000, -43.00000000000000000 ) ) ;
#815 = FACE_OUTER_BOUND ( 'NONE', #3018, .T. ) ;
#816 = AXIS2_PLACEMENT_3D ( 'NONE', #3368, #2871, #2077 ) ;
#817 = EDGE_CURVE ( 'NONE', #167, #3341, #218, .T. ) ;
#818 = DIRECTION ( 'NONE',  ( 0.000000000000000000, -1.000000000000000000, 0.000000000000000000 ) ) ;
#819 = DIRECTION ( 'NONE',  ( 0.000000000000000000, -1.000000000000000000, 0.000000000000000000 ) ) ;
#820 = DIRECTION ( 'NONE',  ( 1.000000000000000000, -1.591489427501658389E-16, 0.000000000000000000 ) ) ;
#821 = AXIS2_PLACEMENT_3D ( 'NONE', #1153, #2208, #3013 ) ;
#822 = ORIENTED_EDGE ( 'NONE', *, *, #2749, .F. ) ;
#823 = VECTOR ( 'NONE', #1134, 1000.000000000000000 ) ;
#824 = ADVANCED_FACE ( 'NONE', ( #247 ), #592, .F. ) ;
#825 = DIRECTION ( 'NONE',  ( 0.000000000000000000, 0.000000000000000000, 1.000000000000000000 ) ) ;
#826 = EDGE_CURVE ( 'NONE', #1511, #2695, #3, .T. ) ;
#827 = VECTOR ( 'NONE', #1463, 1000.000000000000000 ) ;
#828 = ORIENTED_EDGE ( 'NONE', *, *, #2812, .T. ) ;
#829 = ORIENTED_EDGE ( 'NONE', *, *, #864, .F. ) ;
#830 = VECTOR ( 'NONE', #979, 1000.000000000000000 ) ;
#831 = CARTESIAN_POINT ( 'NONE',  ( 3.521657002071436171, 0.000000000000000000, -40.43943481657405670 ) ) ;
#832 = DIRECTION ( 'NONE',  ( 0.000000000000000000, 0.000000000000000000, -1.000000000000000000 ) ) ;
#833 = CARTESIAN_POINT ( 'NONE',  ( 130.7500000000000000, 4.250000000000000000, -32.30000000000000426 ) ) ;
#834 = CIRCLE ( 'NONE', #669, 1.024999999999998135 ) ;
#835 = EDGE_LOOP ( 'NONE', ( #2008, #1717, #2284, #245 ) ) ;
#836 = VECTOR ( 'NONE', #1967, 1000.000000000000000 ) ;
#837 = DIRECTION ( 'NONE',  ( -0.000000000000000000, 1.000000000000000000, -0.000000000000000000 ) ) ;
#838 = CARTESIAN_POINT ( 'NONE',  ( 0.000000000000000000, -2.000000000000000000, -16.99999999999999289 ) ) ;
#839 = LINE ( 'NONE', #1321, #1603 ) ;
#840 = PLANE ( 'NONE',  #285 ) ;
#841 = DIRECTION ( 'NONE',  ( -1.000000000000000000, -0.000000000000000000, -0.000000000000000000 ) ) ;
#842 = AXIS2_PLACEMENT_3D ( 'NONE', #1720, #2252, #330 ) ;
#843 = ORIENTED_EDGE ( 'NONE', *, *, #866, .F. ) ;
#844 = VECTOR ( 'NONE', #2947, 1000.000000000000000 ) ;
#845 = DIRECTION ( 'NONE',  ( -1.156482317317841650E-16, -0.000000000000000000, 1.000000000000000000 ) ) ;
#846 = ADVANCED_FACE ( 'NONE', ( #261 ), #2397, .F. ) ;
#847 = VERTEX_POINT ( 'NONE', #2968 ) ;
#848 = ORIENTED_EDGE ( 'NONE', *, *, #2429, .F. ) ;
#849 = DIRECTION ( 'NONE',  ( -0.000000000000000000, -1.000000000000000000, -0.000000000000000000 ) ) ;
#850 = CARTESIAN_POINT ( 'NONE',  ( 41.92999999999999972, 28.00000000000000000, -56.00000000000000000 ) ) ;
#851 = EDGE_LOOP ( 'NONE', ( #2265, #1047, #3259, #2364 ) ) ;
#852 = CARTESIAN_POINT ( 'NONE',  ( 98.07999999999999829, 3.999999999999996447, -58.00000000000000000 ) ) ;
#853 = LINE ( 'NONE', #2136, #1317 ) ;
#854 = DIRECTION ( 'NONE',  ( 1.000000000000000000, -2.891205793294681285E-16, 0.000000000000000000 ) ) ;
#855 = FACE_OUTER_BOUND ( 'NONE', #1122, .T. ) ;
#856 = DIRECTION ( 'NONE',  ( 0.000000000000000000, 0.000000000000000000, -1.000000000000000000 ) ) ;
#857 = VERTEX_POINT ( 'NONE', #1053 ) ;
#858 = DIRECTION ( 'NONE',  ( -1.000000000000000000, -7.885106708985501360E-17, 0.000000000000000000 ) ) ;
#859 = ORIENTED_EDGE ( 'NONE', *, *, #2627, .F. ) ;
#860 = EDGE_LOOP ( 'NONE', ( #3424, #2459, #2298, #2075 ) ) ;
#861 = EDGE_CURVE ( 'NONE', #1166, #272, #2624, .T. ) ;
#862 = LINE ( 'NONE', #1405, #727 ) ;
#863 = DIRECTION ( 'NONE',  ( -1.000000000000000000, -3.145464145016876674E-16, 0.000000000000000000 ) ) ;
#864 = EDGE_CURVE ( 'NONE', #161, #1435, #2916, .T. ) ;
#865 = ORIENTED_EDGE ( 'NONE', *, *, #1543, .T. ) ;
#866 = EDGE_CURVE ( 'NONE', #2798, #987, #664, .T. ) ;
#867 = DIRECTION ( 'NONE',  ( 0.000000000000000000, 0.000000000000000000, -1.000000000000000000 ) ) ;
#868 = ADVANCED_FACE ( 'NONE', ( #2690 ), #3221, .T. ) ;
#869 = PLANE ( 'NONE',  #380 ) ;
#870 = CARTESIAN_POINT ( 'NONE',  ( 10.27999999999999758, 4.000000000000003553, -56.00000000000000000 ) ) ;
#871 = LINE ( 'NONE', #614, #674 ) ;
#872 = CARTESIAN_POINT ( 'NONE',  ( 87.57999999999999829, 2.071732936718847947E-14, -28.00000000000000355 ) ) ;
#873 = CARTESIAN_POINT ( 'NONE',  ( 4.999999999999998224, -2.000000000000000000, -43.00000000000000000 ) ) ;
#874 = EDGE_LOOP ( 'NONE', ( #146, #1299, #2197, #1014 ) ) ;
#875 = DIRECTION ( 'NONE',  ( 0.000000000000000000, 0.000000000000000000, -1.000000000000000000 ) ) ;
#876 = CIRCLE ( 'NONE', #1709, 4.999999999999997335 ) ;
#877 = EDGE_LOOP ( 'NONE', ( #1932, #109, #3148, #2978 ) ) ;
#878 = EDGE_LOOP ( 'NONE', ( #733, #2700, #2191 ) ) ;
#879 = DIRECTION ( 'NONE',  ( 0.000000000000000000, 0.000000000000000000, 1.000000000000000000 ) ) ;
#880 = AXIS2_PLACEMENT_3D ( 'NONE', #2655, #280, #2396 ) ;
#881 = CARTESIAN_POINT ( 'NONE',  ( 117.0800000000000125, 28.00000000000000000, -36.50000000000000711 ) ) ;
#882 = VECTOR ( 'NONE', #2516, 1000.000000000000000 ) ;
#883 = ORIENTED_EDGE ( 'NONE', *, *, #2193, .F. ) ;
#884 = CARTESIAN_POINT ( 'NONE',  ( 4.999999999999998224, -2.000000000000000000, -43.00000000000000000 ) ) ;
#885 = CIRCLE ( 'NONE', #3050, 3.893700871709260269 ) ;
#886 = LINE ( 'NONE', #629, #2984 ) ;
#887 = EDGE_CURVE ( 'NONE', #3341, #1770, #839, .T. ) ;
#888 = EDGE_CURVE ( 'NONE', #3121, #167, #1117, .T. ) ;
#889 = AXIS2_PLACEMENT_3D ( 'NONE', #693, #147, #2010 ) ;
#890 = DIRECTION ( 'NONE',  ( 0.000000000000000000, 0.000000000000000000, -1.000000000000000000 ) ) ;
#891 = CYLINDRICAL_SURFACE ( 'NONE', #2061, 2.000000000000001776 ) ;
#892 = DATE_AND_TIME ( #1465, #1157 ) ;
#893 = ORIENTED_EDGE ( 'NONE', *, *, #1480, .F. ) ;
#894 = CIRCLE ( 'NONE', #504, 8.500000000000000000 ) ;
#895 = ORIENTED_EDGE ( 'NONE', *, *, #3383, .T. ) ;
#896 = VECTOR ( 'NONE', #3241, 1000.000000000000000 ) ;
#897 = CARTESIAN_POINT ( 'NONE',  ( 60.92999999999999972, 3.999999999999998224, -36.50000000000000711 ) ) ;
#898 = AXIS2_PLACEMENT_3D ( 'NONE', #2358, #1599, #3447 ) ;
#899 = VERTEX_POINT ( 'NONE', #3173 ) ;
#900 = ORIENTED_EDGE ( 'NONE', *, *, #3189, .F. ) ;
#901 = LINE ( 'NONE', #1769, #2433 ) ;
#902 = AXIS2_PLACEMENT_3D ( 'NONE', #778, #1837, #3441 ) ;
#903 = FACE_OUTER_BOUND ( 'NONE', #1694, .T. ) ;
#904 = VERTEX_POINT ( 'NONE', #1306 ) ;
#905 = DIRECTION ( 'NONE',  ( -0.000000000000000000, 1.000000000000000000, -0.000000000000000000 ) ) ;
#906 = DIRECTION ( 'NONE',  ( 0.000000000000000000, -1.000000000000000000, 0.000000000000000000 ) ) ;
#907 = CARTESIAN_POINT ( 'NONE',  ( 45.43000000000000682, 1.074661193367632626E-14, -28.00000000000000355 ) ) ;
#908 = EDGE_CURVE ( 'NONE', #2943, #1179, #2125, .T. ) ;
#909 = CARTESIAN_POINT ( 'NONE',  ( 124.5000000000000142, -2.000000000000000000, -25.00000000000000000 ) ) ;
#910 = APPLICATION_PROTOCOL_DEFINITION ( 'international standard', 'config_control_design', 1994, #3168 ) ;
#911 = EDGE_CURVE ( 'NONE', #343, #1648, #1847, .T. ) ;
#912 = CARTESIAN_POINT ( 'NONE',  ( 64.43000000000002103, -33.07213933207225409, -33.00000000000000000 ) ) ;
#913 = ORIENTED_EDGE ( 'NONE', *, *, #659, .T. ) ;
#914 = LINE ( 'NONE', #88, #1224 ) ;
#915 = EDGE_CURVE ( 'NONE', #497, #1326, #1860, .T. ) ;
#916 = EDGE_LOOP ( 'NONE', ( #29, #3001, #3052, #3417, #2587, #2453, #1173, #2716 ) ) ;
#917 = ORIENTED_EDGE ( 'NONE', *, *, #1267, .T. ) ;
#918 = DIRECTION ( 'NONE',  ( -0.000000000000000000, -1.000000000000000000, -0.000000000000000000 ) ) ;
#919 = ORIENTED_EDGE ( 'NONE', *, *, #861, .T. ) ;
#920 = ORIENTED_EDGE ( 'NONE', *, *, #1127, .T. ) ;
#921 = CARTESIAN_POINT ( 'NONE',  ( 43.93000000000000682, 28.00000000000000000, -28.00000000000000355 ) ) ;
#922 = FACE_OUTER_BOUND ( 'NONE', #2511, .T. ) ;
#923 = DIRECTION ( 'NONE',  ( 1.000000000000000000, -0.000000000000000000, -0.000000000000000000 ) ) ;
#924 = DIRECTION ( 'NONE',  ( -1.000000000000000000, -2.365532012695647203E-16, 0.000000000000000000 ) ) ;
#925 = CARTESIAN_POINT ( 'NONE',  ( 68.58000000000001251, 0.000000000000000000, -56.00000000000000000 ) ) ;
#926 = CARTESIAN_POINT ( 'NONE',  ( 8.000000000000039080, -2.000000000000000000, -23.00000000000000355 ) ) ;
#927 = EDGE_CURVE ( 'NONE', #304, #2279, #2185, .T. ) ;
#928 = VERTEX_POINT ( 'NONE', #1944 ) ;
#929 = CARTESIAN_POINT ( 'NONE',  ( 52.43000000000000682, 28.00000000000000000, -36.50000000000000711 ) ) ;
#930 = EDGE_LOOP ( 'NONE', ( #1009, #588, #2465, #2541 ) ) ;
#931 = EDGE_CURVE ( 'NONE', #2535, #2369, #2268, .T. ) ;
#932 = ORIENTED_EDGE ( 'NONE', *, *, #568, .T. ) ;
#933 = EDGE_CURVE ( 'NONE', #1801, #2853, #1705, .T. ) ;
#934 = VECTOR ( 'NONE', #743, 1000.000000000000000 ) ;
#935 = DIRECTION ( 'NONE',  ( 1.000000000000000000, 7.885106708985500127E-17, 0.000000000000000000 ) ) ;
#936 = VECTOR ( 'NONE', #2019, 1000.000000000000000 ) ;
#937 = ORIENTED_EDGE ( 'NONE', *, *, #1444, .F. ) ;
#938 = EDGE_LOOP ( 'NONE', ( #2508, #2485, #2608, #1593 ) ) ;
#939 = AXIS2_PLACEMENT_3D ( 'NONE', #3023, #1975, #1425 ) ;
#940 = CARTESIAN_POINT ( 'NONE',  ( 36.28000000000000114, -33.07213933207226120, -28.00000000000020250 ) ) ;
#941 = CARTESIAN_POINT ( 'NONE',  ( 1.999999999999999556, 28.00000000000000000, -56.00000000000000000 ) ) ;
#942 = AXIS2_PLACEMENT_3D ( 'NONE', #1857, #2948, #1567 ) ;
#943 = CARTESIAN_POINT ( 'NONE',  ( 34.90000000000000568, 3.999999999999997335, -56.00000000000000000 ) ) ;
#944 = LINE ( 'NONE', #368, #2611 ) ;
#945 = PERSON_AND_ORGANIZATION ( #1884, #713 ) ;
#946 = DIRECTION ( 'NONE',  ( 0.000000000000000000, 0.000000000000000000, -1.000000000000000000 ) ) ;
#947 = VECTOR ( 'NONE', #2769, 1000.000000000000000 ) ;
#948 = ORIENTED_EDGE ( 'NONE', *, *, #1290, .F. ) ;
#949 = DIRECTION ( 'NONE',  ( 0.000000000000000000, -1.000000000000000000, 0.000000000000000000 ) ) ;
#950 = VECTOR ( 'NONE', #288, 1000.000000000000000 ) ;
#951 = VERTEX_POINT ( 'NONE', #2758 ) ;
#952 = CIRCLE ( 'NONE', #2890, 2.000000000000001776 ) ;
#953 = ORIENTED_EDGE ( 'NONE', *, *, #206, .T. ) ;
#954 = DIRECTION ( 'NONE',  ( 2.365532012695647203E-16, -1.000000000000000000, -0.000000000000000000 ) ) ;
#955 = AXIS2_PLACEMENT_3D ( 'NONE', #1368, #2134, #2123 ) ;
#956 = EDGE_CURVE ( 'NONE', #2736, #2418, #3322, .T. ) ;
#957 = ORIENTED_EDGE ( 'NONE', *, *, #1354, .T. ) ;
#958 = ORIENTED_EDGE ( 'NONE', *, *, #1486, .T. ) ;
#959 = AXIS2_PLACEMENT_3D ( 'NONE', #1631, #1891, #13 ) ;
#960 = LINE ( 'NONE', #2528, #3230 ) ;
#961 = LINE ( 'NONE', #2807, #2044 ) ;
#962 = DIRECTION ( 'NONE',  ( -1.000000000000000000, -7.885106708985501360E-17, 0.000000000000000000 ) ) ;
#963 = LINE ( 'NONE', #2085, #2892 ) ;
#964 = CALENDAR_DATE ( 2025, 28, 4 ) ;
#965 = DIRECTION ( 'NONE',  ( -0.000000000000000000, 1.000000000000000000, -0.000000000000000000 ) ) ;
#966 = VERTEX_POINT ( 'NONE', #1999 ) ;
#967 = CARTESIAN_POINT ( 'NONE',  ( 24.40000000000000568, 28.00000000000000000, -36.50000000000000711 ) ) ;
#968 = DIRECTION ( 'NONE',  ( -0.000000000000000000, 1.000000000000000000, -0.000000000000000000 ) ) ;
#969 = EDGE_LOOP ( 'NONE', ( #706, #2846, #2750, #2149 ) ) ;
#970 = VERTEX_POINT ( 'NONE', #1654 ) ;
#971 = DIRECTION ( 'NONE',  ( 0.000000000000000000, 0.000000000000000000, 1.000000000000000000 ) ) ;
#973 = EDGE_LOOP ( 'NONE', ( #412, #2245 ) ) ;
#972 = EDGE_CURVE ( 'NONE', #1994, #2249, #1990, .T. ) ;
#974 = ORIENTED_EDGE ( 'NONE', *, *, #2920, .T. ) ;
#975 = CARTESIAN_POINT ( 'NONE',  ( 0.000000000000000000, 0.000000000000000000, -28.00000000000000355 ) ) ;
#976 = DIRECTION ( 'NONE',  ( -0.000000000000000000, 1.000000000000000000, -0.000000000000000000 ) ) ;
#977 = EDGE_CURVE ( 'NONE', #2012, #2512, #773, .T. ) ;
#978 = EDGE_CURVE ( 'NONE', #1727, #430, #1186, .T. ) ;
#979 = DIRECTION ( 'NONE',  ( 2.365532012695647203E-16, -1.000000000000000000, -0.000000000000000000 ) ) ;
#980 = LINE ( 'NONE', #2884, #1339 ) ;
#981 = PERSON_AND_ORGANIZATION ( #1884, #713 ) ;
#982 = CARTESIAN_POINT ( 'NONE',  ( 130.7500000000000000, 4.250000000000000000, -33.32500000000000284 ) ) ;
#983 = ORIENTED_EDGE ( 'NONE', *, *, #2247, .F. ) ;
#984 = CARTESIAN_POINT ( 'NONE',  ( 12.27999999999999758, 3.999999999999988898, -55.99999999999999289 ) ) ;
#985 = CARTESIAN_POINT ( 'NONE',  ( 96.58000000000001251, 4.000000000000008882, -28.00000000000000000 ) ) ;
#986 = EDGE_LOOP ( 'NONE', ( #1221, #399, #2251, #379 ) ) ;
#987 = VERTEX_POINT ( 'NONE', #69 ) ;
#988 = DIRECTION ( 'NONE',  ( -7.885106708985501360E-17, 1.000000000000000000, 0.000000000000000000 ) ) ;
#989 = AXIS2_PLACEMENT_3D ( 'NONE', #2349, #1575, #3175 ) ;
#990 = ORIENTED_EDGE ( 'NONE', *, *, #1309, .T. ) ;
#991 = ORIENTED_EDGE ( 'NONE', *, *, #121, .T. ) ;
#992 = VECTOR ( 'NONE', #1429, 1000.000000000000000 ) ;
#993 = CARTESIAN_POINT ( 'NONE',  ( 8.750000000000000000, 4.250000000000000000, -31.27500000000000568 ) ) ;
#994 = AXIS2_PLACEMENT_3D ( 'NONE', #1395, #1073, #856 ) ;
#995 = CARTESIAN_POINT ( 'NONE',  ( 98.07999999999999829, 28.00000000000000000, -56.00000000000000000 ) ) ;
#996 = CIRCLE ( 'NONE', #2927, 2.000000000000001776 ) ;
#997 = CC_DESIGN_SECURITY_CLASSIFICATION ( #599, ( #2099 ) ) ;
#998 = DIRECTION ( 'NONE',  ( -0.000000000000000000, 1.000000000000000000, -0.000000000000000000 ) ) ;
#999 = CARTESIAN_POINT ( 'NONE',  ( 34.90000000000000568, 3.999999999999997335, -58.00000000000000000 ) ) ;
#1000 = AXIS2_PLACEMENT_3D ( 'NONE', #870, #123, #3063 ) ;
#1001 = DIRECTION ( 'NONE',  ( -0.000000000000000000, -1.000000000000000000, -0.000000000000000000 ) ) ;
#1002 = CC_DESIGN_DATE_AND_TIME_ASSIGNMENT ( #3152, #1501, ( #599 ) ) ;
#1003 = EDGE_CURVE ( 'NONE', #728, #1589, #2239, .T. ) ;
#1004 = EDGE_LOOP ( 'NONE', ( #2746, #829, #1181, #1969 ) ) ;
#1005 = CARTESIAN_POINT ( 'NONE',  ( 10.27999999999999758, 0.000000000000000000, -58.00000000000000000 ) ) ;
#1006 = DIRECTION ( 'NONE',  ( -0.000000000000000000, 1.000000000000000000, -0.000000000000000000 ) ) ;
#1007 = CIRCLE ( 'NONE', #389, 1.024999999999998135 ) ;
#1008 = ORIENTED_EDGE ( 'NONE', *, *, #817, .F. ) ;
#1009 = ORIENTED_EDGE ( 'NONE', *, *, #3008, .F. ) ;
#1010 = VECTOR ( 'NONE', #3405, 1000.000000000000000 ) ;
#1011 = PLANE ( 'NONE',  #1445 ) ;
#1012 = CONICAL_SURFACE ( 'NONE', #169, 1.024999999999998135, 1.029744258676654090 ) ;
#1013 = ORIENTED_EDGE ( 'NONE', *, *, #547, .F. ) ;
#1014 = ORIENTED_EDGE ( 'NONE', *, *, #1422, .F. ) ;
#1015 = AXIS2_PLACEMENT_3D ( 'NONE', #1097, #2702, #2688 ) ;
#1016 = CARTESIAN_POINT ( 'NONE',  ( 15.90000000000000391, 28.00000000000000000, -28.00000000000000355 ) ) ;
#1017 = CARTESIAN_POINT ( 'NONE',  ( 94.58000000000002672, 0.000000000000000000, -56.00000000000000000 ) ) ;
#1018 = AXIS2_PLACEMENT_3D ( 'NONE', #3215, #3425, #832 ) ;
#1019 = DIRECTION ( 'NONE',  ( 2.365532012695647203E-16, -1.000000000000000000, -0.000000000000000000 ) ) ;
#1020 = DIRECTION ( 'NONE',  ( -0.000000000000000000, 0.000000000000000000, -1.000000000000000000 ) ) ;
#1021 = DIRECTION ( 'NONE',  ( 0.000000000000000000, 0.000000000000000000, 1.000000000000000000 ) ) ;
#1022 = ORIENTED_EDGE ( 'NONE', *, *, #422, .F. ) ;
#1023 = EDGE_CURVE ( 'NONE', #680, #3266, #84, .T. ) ;
#1024 = CARTESIAN_POINT ( 'NONE',  ( 130.7500000000000000, 4.865882134503248579, -32.30000000000000426 ) ) ;
#1025 = EDGE_CURVE ( 'NONE', #2046, #3412, #1056, .T. ) ;
#1026 = CARTESIAN_POINT ( 'NONE',  ( 131.4999999999999716, -2.000000000000000000, -23.00000000000000000 ) ) ;
#1027 = ORIENTED_EDGE ( 'NONE', *, *, #2748, .F. ) ;
#1028 = EDGE_CURVE ( 'NONE', #1384, #1262, #1150, .T. ) ;
#1029 = DIRECTION ( 'NONE',  ( 0.000000000000000000, 0.000000000000000000, -1.000000000000000000 ) ) ;
#1030 = EDGE_CURVE ( 'NONE', #1076, #770, #3306, .T. ) ;
#1031 = ORIENTED_EDGE ( 'NONE', *, *, #1274, .F. ) ;
#1032 = VERTEX_POINT ( 'NONE', #665 ) ;
#1033 = CARTESIAN_POINT ( 'NONE',  ( 134.5000000000000000, -2.000000000000000000, -43.00000000000000000 ) ) ;
#1034 = CYLINDRICAL_SURFACE ( 'NONE', #549, 2.000000000000000000 ) ;
#1035 = CARTESIAN_POINT ( 'NONE',  ( 89.08000000000002672, 0.000000000000000000, -28.00000000000000355 ) ) ;
#1036 = COORDINATED_UNIVERSAL_TIME_OFFSET ( 1, 0, .AHEAD. ) ;
#1037 = DIRECTION ( 'NONE',  ( 0.000000000000000000, 0.000000000000000000, -1.000000000000000000 ) ) ;
#1038 = ORIENTED_EDGE ( 'NONE', *, *, #3399, .F. ) ;
#1039 = DIRECTION ( 'NONE',  ( -0.000000000000000000, -0.000000000000000000, -1.000000000000000000 ) ) ;
#1040 = CARTESIAN_POINT ( 'NONE',  ( 60.93000000000000682, 28.00000000000000000, -36.50000000000000711 ) ) ;
#1041 = EDGE_CURVE ( 'NONE', #236, #1191, #2988, .T. ) ;
#1042 = ORIENTED_EDGE ( 'NONE', *, *, #1841, .F. ) ;
#1043 = CARTESIAN_POINT ( 'NONE',  ( 0.000000000000000000, 3.999999999999998224, -28.00000000000000355 ) ) ;
#1044 = PRODUCT_DEFINITION ( 'UNKNOWN', '', #2099, #633 ) ;
#1045 = EDGE_CURVE ( 'NONE', #2248, #2509, #1689, .T. ) ;
#1046 = VERTEX_POINT ( 'NONE', #135 ) ;
#1047 = ORIENTED_EDGE ( 'NONE', *, *, #2773, .F. ) ;
#1048 = DIRECTION ( 'NONE',  ( -2.365532012695647203E-16, 1.000000000000000000, 0.000000000000000000 ) ) ;
#1049 = CARTESIAN_POINT ( 'NONE',  ( 3.521657002071436171, -2.000000000000000000, -40.43943481657405670 ) ) ;
#1050 = DIRECTION ( 'NONE',  ( -1.000000000000000000, 0.000000000000000000, 0.000000000000000000 ) ) ;
#1051 = CARTESIAN_POINT ( 'NONE',  ( 115.5800000000000125, 0.000000000000000000, -28.00000000000000355 ) ) ;
#1052 = VECTOR ( 'NONE', #2571, 999.9999999999998863 ) ;
#1053 = CARTESIAN_POINT ( 'NONE',  ( 94.57999999999999829, 3.999999999999997335, -58.00000000000000000 ) ) ;
#1054 = DIRECTION ( 'NONE',  ( 0.000000000000000000, 0.000000000000000000, -1.000000000000000000 ) ) ;
#1055 = LINE ( 'NONE', #985, #934 ) ;
#1056 = CIRCLE ( 'NONE', #1553, 5.000000000000000888 ) ;
#1057 = ORIENTED_EDGE ( 'NONE', *, *, #246, .F. ) ;
#1058 = FACE_OUTER_BOUND ( 'NONE', #38, .T. ) ;
#1059 = AXIS2_PLACEMENT_3D ( 'NONE', #1171, #2743, #2225 ) ;
#1060 = ORIENTED_EDGE ( 'NONE', *, *, #358, .F. ) ;
#1061 = VECTOR ( 'NONE', #954, 1000.000000000000000 ) ;
#1062 = ORIENTED_EDGE ( 'NONE', *, *, #1647, .F. ) ;
#1063 = EDGE_CURVE ( 'NONE', #3196, #25, #2728, .T. ) ;
#1064 = FACE_OUTER_BOUND ( 'NONE', #2165, .T. ) ;
#1065 = ADVANCED_FACE ( 'NONE', ( #2254 ), #103, .T. ) ;
#1066 = FACE_OUTER_BOUND ( 'NONE', #2192, .T. ) ;
#1067 = DIRECTION ( 'NONE',  ( -0.000000000000000000, 1.000000000000000000, -0.000000000000000000 ) ) ;
#1068 = CARTESIAN_POINT ( 'NONE',  ( 0.000000000000000000, 28.00000000000000000, -58.00000000000000000 ) ) ;
#1069 = AXIS2_PLACEMENT_3D ( 'NONE', #884, #2741, #3004 ) ;
#1070 = DIRECTION ( 'NONE',  ( -1.000000000000000000, -1.020425574104003260E-16, 0.000000000000000000 ) ) ;
#1071 = AXIS2_PLACEMENT_3D ( 'NONE', #2438, #1665, #180 ) ;
#1072 = CYLINDRICAL_SURFACE ( 'NONE', #3398, 2.000000000000000000 ) ;
#1073 = DIRECTION ( 'NONE',  ( -0.000000000000000000, -1.000000000000000000, -0.000000000000000000 ) ) ;
#1074 = ORIENTED_EDGE ( 'NONE', *, *, #2776, .T. ) ;
#1075 = DIRECTION ( 'NONE',  ( -0.000000000000000000, 1.000000000000000000, -0.000000000000000000 ) ) ;
#1076 = VERTEX_POINT ( 'NONE', #630 ) ;
#1077 = ORIENTED_EDGE ( 'NONE', *, *, #3016, .F. ) ;
#1078 = DIRECTION ( 'NONE',  ( 0.000000000000000000, 0.000000000000000000, -1.000000000000000000 ) ) ;
#1079 = CARTESIAN_POINT ( 'NONE',  ( 24.40000000000000568, 3.999999999999994227, -36.50000000000000711 ) ) ;
#1080 = EDGE_CURVE ( 'NONE', #2869, #2856, #1440, .T. ) ;
#1081 = LINE ( 'NONE', #2651, #2708 ) ;
#1082 = CARTESIAN_POINT ( 'NONE',  ( 134.5000000000000000, -2.000000000000000000, -43.00000000000000000 ) ) ;
#1083 = CARTESIAN_POINT ( 'NONE',  ( 134.5000000000000000, -2.000000000000000000, -43.00000000000000000 ) ) ;
#1084 = EDGE_CURVE ( 'NONE', #2895, #595, #173, .T. ) ;
#1085 = EDGE_CURVE ( 'NONE', #987, #2924, #700, .T. ) ;
#1086 = DIRECTION ( 'NONE',  ( -1.000000000000000000, 0.000000000000000000, 0.000000000000000000 ) ) ;
#1087 = LINE ( 'NONE', #2709, #2114 ) ;
#1088 = CARTESIAN_POINT ( 'NONE',  ( 32.90000000000000568, 0.000000000000000000, -56.00000000000000000 ) ) ;
#1089 = VERTEX_POINT ( 'NONE', #474 ) ;
#1090 = CARTESIAN_POINT ( 'NONE',  ( 139.5000000000000000, 28.00000000000000000, -55.99999999999998579 ) ) ;
#1091 = VERTEX_POINT ( 'NONE', #1333 ) ;
#1092 = VERTEX_POINT ( 'NONE', #738 ) ;
#1093 = CARTESIAN_POINT ( 'NONE',  ( 137.5000000000000000, -1.999999999999998224, -17.00000000000000000 ) ) ;
#1094 = CARTESIAN_POINT ( 'NONE',  ( 139.5000000000000000, -2.000000000000000000, 0.000000000000000000 ) ) ;
#1095 = DIRECTION ( 'NONE',  ( -1.000000000000000000, -2.365532012695646710E-16, 0.000000000000000000 ) ) ;
#1096 = ORIENTED_EDGE ( 'NONE', *, *, #1636, .F. ) ;
#1097 = CARTESIAN_POINT ( 'NONE',  ( 130.7500000000000000, 0.2500000000000011102, -32.30000000000000426 ) ) ;
#1098 = VECTOR ( 'NONE', #2626, 1000.000000000000000 ) ;
#1099 = DIRECTION ( 'NONE',  ( 0.000000000000000000, -1.000000000000000000, 0.000000000000000000 ) ) ;
#1100 = CARTESIAN_POINT ( 'NONE',  ( 130.7500000000000000, -1.734723475976807094E-15, -31.02500000000000568 ) ) ;
#1101 = CARTESIAN_POINT ( 'NONE',  ( 139.5000000000000000, -1.999999999999998224, -15.00000000000000000 ) ) ;
#1102 = VECTOR ( 'NONE', #3027, 1000.000000000000000 ) ;
#1103 = EDGE_CURVE ( 'NONE', #3037, #272, #3392, .T. ) ;
#1104 = ORIENTED_EDGE ( 'NONE', *, *, #765, .T. ) ;
#1105 = CIRCLE ( 'NONE', #2760, 4.999999999999997335 ) ;
#1106 = FACE_OUTER_BOUND ( 'NONE', #3340, .T. ) ;
#1107 = VECTOR ( 'NONE', #1585, 1000.000000000000000 ) ;
#1108 = ORIENTED_EDGE ( 'NONE', *, *, #3234, .T. ) ;
#1109 = ORIENTED_EDGE ( 'NONE', *, *, #927, .T. ) ;
#1110 = LINE ( 'NONE', #1630, #277 ) ;
#1111 = CARTESIAN_POINT ( 'NONE',  ( 15.90000000000000391, 28.00000000000000000, -36.50000000000000711 ) ) ;
#1112 = AXIS2_PLACEMENT_3D ( 'NONE', #2714, #1075, #875 ) ;
#1113 = EDGE_LOOP ( 'NONE', ( #2787, #1679, #1160, #1419 ) ) ;
#1114 = VECTOR ( 'NONE', #1156, 1000.000000000000000 ) ;
#1115 = DIRECTION ( 'NONE',  ( -0.000000000000000000, 1.000000000000000000, -0.000000000000000000 ) ) ;
#1116 = DIRECTION ( 'NONE',  ( -1.000000000000000000, 0.000000000000000000, 0.000000000000000000 ) ) ;
#1117 = LINE ( 'NONE', #788, #2487 ) ;
#1118 = DIRECTION ( 'NONE',  ( 0.000000000000000000, 0.000000000000000000, -1.000000000000000000 ) ) ;
#1119 = DIRECTION ( 'NONE',  ( 0.000000000000000000, -1.000000000000000000, 0.000000000000000000 ) ) ;
#1120 = CIRCLE ( 'NONE', #2117, 2.000000000000001776 ) ;
#1121 = ADVANCED_FACE ( 'NONE', ( #1271 ), #2072, .F. ) ;
#1122 = EDGE_LOOP ( 'NONE', ( #1458, #2997, #1256, #2828 ) ) ;
#1123 = AXIS2_PLACEMENT_3D ( 'NONE', #554, #1386, #604 ) ;
#1124 = EDGE_CURVE ( 'NONE', #3031, #431, #722, .T. ) ;
#1125 = PLANE ( 'NONE',  #1887 ) ;
#1126 = EDGE_LOOP ( 'NONE', ( #178, #1864, #2302 ) ) ;
#1127 = EDGE_CURVE ( 'NONE', #1202, #304, #499, .T. ) ;
#1128 = ORIENTED_EDGE ( 'NONE', *, *, #1167, .T. ) ;
#1129 = ADVANCED_FACE ( 'NONE', ( #1756 ), #2052, .F. ) ;
#1130 = CARTESIAN_POINT ( 'NONE',  ( 130.7500000000000000, -1.734723475976807094E-15, -33.57500000000000284 ) ) ;
#1131 = CARTESIAN_POINT ( 'NONE',  ( 24.39999999999999858, -7.054542135639013677E-15, -36.50000000000000711 ) ) ;
#1132 = ORIENTED_EDGE ( 'NONE', *, *, #1371, .F. ) ;
#1133 = DIRECTION ( 'NONE',  ( 0.000000000000000000, 0.000000000000000000, -1.000000000000000000 ) ) ;
#1134 = DIRECTION ( 'NONE',  ( -2.365532012695647203E-16, 1.000000000000000000, 0.000000000000000000 ) ) ;
#1135 = DIRECTION ( 'NONE',  ( -1.591489427501658389E-16, -1.000000000000000000, 0.000000000000000000 ) ) ;
#1136 = CARTESIAN_POINT ( 'NONE',  ( 15.00000000000000000, -2.000000000000000000, -25.00000000000000000 ) ) ;
#1137 = DIRECTION ( 'NONE',  ( 0.000000000000000000, -1.000000000000000000, 0.000000000000000000 ) ) ;
#1138 = DIRECTION ( 'NONE',  ( -0.000000000000000000, 1.000000000000000000, -0.000000000000000000 ) ) ;
#1139 = VERTEX_POINT ( 'NONE', #716 ) ;
#1140 = LINE ( 'NONE', #2416, #950 ) ;
#1141 = ORIENTED_EDGE ( 'NONE', *, *, #2031, .F. ) ;
#1142 = ORIENTED_EDGE ( 'NONE', *, *, #2859, .T. ) ;
#1143 = LINE ( 'NONE', #1936, #501 ) ;
#1144 = FACE_OUTER_BOUND ( 'NONE', #1923, .T. ) ;
#1145 = EDGE_CURVE ( 'NONE', #2784, #970, #1742, .T. ) ;
#1146 = EDGE_CURVE ( 'NONE', #2112, #770, #2325, .T. ) ;
#1147 = ORIENTED_EDGE ( 'NONE', *, *, #144, .T. ) ;
#1148 = LINE ( 'NONE', #1409, #2669 ) ;
#1149 = PLANE ( 'NONE',  #1158 ) ;
#1150 = LINE ( 'NONE', #2205, #3164 ) ;
#1151 = DIRECTION ( 'NONE',  ( -0.000000000000000000, 1.000000000000000000, -0.000000000000000000 ) ) ;
#1152 = CARTESIAN_POINT ( 'NONE',  ( 0.000000000000000000, 0.000000000000000000, 0.000000000000000000 ) ) ;
#1153 = CARTESIAN_POINT ( 'NONE',  ( 101.5800000000000125, 0.000000000000000000, -33.00000000000000000 ) ) ;
#1154 = ORIENTED_EDGE ( 'NONE', *, *, #464, .F. ) ;
#1155 = CIRCLE ( 'NONE', #543, 3.893700871709253164 ) ;
#1156 = DIRECTION ( 'NONE',  ( -0.000000000000000000, -0.000000000000000000, 1.000000000000000000 ) ) ;
#1157 = LOCAL_TIME ( 16, 23, 16.00000000000000000, #3026 ) ;
#1158 = AXIS2_PLACEMENT_3D ( 'NONE', #663, #2202, #1446 ) ;
#1159 = VERTEX_POINT ( 'NONE', #3081 ) ;
#1160 = ORIENTED_EDGE ( 'NONE', *, *, #1124, .F. ) ;
#1161 = FACE_OUTER_BOUND ( 'NONE', #605, .T. ) ;
#1162 = LINE ( 'NONE', #65, #2444 ) ;
#1164 = ORIENTED_EDGE ( 'NONE', *, *, #1863, .F. ) ;
#1163 = ADVANCED_FACE ( 'NONE', ( #456 ), #2808, .F. ) ;
#1165 = AXIS2_PLACEMENT_3D ( 'NONE', #63, #3213, #1920 ) ;
#1166 = VERTEX_POINT ( 'NONE', #3135 ) ;
#1167 = EDGE_CURVE ( 'NONE', #651, #1801, #796, .T. ) ;
#1168 = DIRECTION ( 'NONE',  ( -0.000000000000000000, 1.000000000000000000, -0.000000000000000000 ) ) ;
#1169 = CARTESIAN_POINT ( 'NONE',  ( 92.58000000000002672, -33.07213933207224699, -33.00000000000000000 ) ) ;
#1170 = EDGE_CURVE ( 'NONE', #966, #1178, #2292, .T. ) ;
#1171 = CARTESIAN_POINT ( 'NONE',  ( 108.5800000000000125, 28.00000000000000000, -36.50000000000000711 ) ) ;
#1172 = DIRECTION ( 'NONE',  ( -0.5000000000000013323, 0.000000000000000000, 0.8660254037844378194 ) ) ;
#1173 = ORIENTED_EDGE ( 'NONE', *, *, #3337, .F. ) ;
#1174 = VECTOR ( 'NONE', #1257, 1000.000000000000000 ) ;
#1175 = ORIENTED_EDGE ( 'NONE', *, *, #2773, .T. ) ;
#1176 = LINE ( 'NONE', #2507, #1669 ) ;
#1177 = AXIS2_PLACEMENT_3D ( 'NONE', #2829, #3093, #3113 ) ;
#1178 = VERTEX_POINT ( 'NONE', #1520 ) ;
#1179 = VERTEX_POINT ( 'NONE', #3363 ) ;
#1180 = LINE ( 'NONE', #131, #2995 ) ;
#1181 = ORIENTED_EDGE ( 'NONE', *, *, #1846, .F. ) ;
#1182 = ORIENTED_EDGE ( 'NONE', *, *, #1787, .F. ) ;
#1183 = DIRECTION ( 'NONE',  ( -0.000000000000000000, 1.000000000000000000, -0.000000000000000000 ) ) ;
#1184 = EDGE_CURVE ( 'NONE', #373, #624, #885, .T. ) ;
#1185 = PLANE ( 'NONE',  #1823 ) ;
#1186 = LINE ( 'NONE', #2462, #2322 ) ;
#1187 = PLANE ( 'NONE',  #1562 ) ;
#1188 = ORIENTED_EDGE ( 'NONE', *, *, #1845, .F. ) ;
#1189 = EDGE_CURVE ( 'NONE', #2667, #1589, #1855, .T. ) ;
#1190 = EDGE_CURVE ( 'NONE', #987, #2218, #2648, .T. ) ;
#1191 = VERTEX_POINT ( 'NONE', #1868 ) ;
#1192 = CARTESIAN_POINT ( 'NONE',  ( 15.00000000000000000, 0.000000000000000000, -25.00000000000000000 ) ) ;
#1193 = VERTEX_POINT ( 'NONE', #1664 ) ;
#1194 = ORIENTED_EDGE ( 'NONE', *, *, #144, .F. ) ;
#1195 = CARTESIAN_POINT ( 'NONE',  ( -3.154042683594191669E-16, 3.999999999999989786, -28.00000000000000355 ) ) ;
#1196 = VERTEX_POINT ( 'NONE', #2457 ) ;
#1197 = PLANE ( 'NONE',  #2280 ) ;
#1198 = DIRECTION ( 'NONE',  ( 0.000000000000000000, 0.000000000000000000, -1.000000000000000000 ) ) ;
#1199 = CARTESIAN_POINT ( 'NONE',  ( 131.4999999999999716, -2.000000000000000000, -23.00000000000000000 ) ) ;
#1200 = CYLINDRICAL_SURFACE ( 'NONE', #2721, 2.000000000000001776 ) ;
#1201 = DIRECTION ( 'NONE',  ( 1.000000000000000000, 3.145464145016877167E-16, 0.000000000000000000 ) ) ;
#1202 = VERTEX_POINT ( 'NONE', #79 ) ;
#1203 = EDGE_LOOP ( 'NONE', ( #1559, #762, #1022, #1363 ) ) ;
#1204 = DIRECTION ( 'NONE',  ( 0.000000000000000000, 0.000000000000000000, -1.000000000000000000 ) ) ;
#1205 = ADVANCED_FACE ( 'NONE', ( #1161 ), #344, .T. ) ;
#1206 = EDGE_LOOP ( 'NONE', ( #1074, #3301, #238, #1530 ) ) ;
#1207 = ORIENTED_EDGE ( 'NONE', *, *, #1436, .T. ) ;
#1208 = VECTOR ( 'NONE', #284, 1000.000000000000000 ) ;
#1209 = PLANE ( 'NONE',  #2883 ) ;
#1210 = AXIS2_PLACEMENT_3D ( 'NONE', #3119, #740, #2344 ) ;
#1211 = ORIENTED_EDGE ( 'NONE', *, *, #1190, .T. ) ;
#1212 = ORIENTED_EDGE ( 'NONE', *, *, #91, .F. ) ;
#1213 = AXIS2_PLACEMENT_3D ( 'NONE', #152, #2050, #736 ) ;
#1214 = LINE ( 'NONE', #1016, #231 ) ;
#1215 = FACE_OUTER_BOUND ( 'NONE', #2168, .T. ) ;
#1216 = AXIS2_PLACEMENT_3D ( 'NONE', #3293, #384, #367 ) ;
#1217 = CARTESIAN_POINT ( 'NONE',  ( 120.5800000000000409, -33.07213933207223988, -56.00000000000000000 ) ) ;
#1218 = CARTESIAN_POINT ( 'NONE',  ( 8.000000000000039080, 0.000000000000000000, -23.00000000000000355 ) ) ;
#1219 = CARTESIAN_POINT ( 'NONE',  ( 24.39999999999999858, 3.999999999999997335, -36.50000000000000711 ) ) ;
#1220 = VECTOR ( 'NONE', #918, 1000.000000000000000 ) ;
#1221 = ORIENTED_EDGE ( 'NONE', *, *, #927, .F. ) ;
#1222 = CARTESIAN_POINT ( 'NONE',  ( 12.27999999999999758, 3.999999999999988898, -28.00000000000039435 ) ) ;
#1223 = LINE ( 'NONE', #2739, #2338 ) ;
#1224 = VECTOR ( 'NONE', #1695, 1000.000000000000000 ) ;
#1225 = EDGE_CURVE ( 'NONE', #2979, #3196, #2470, .T. ) ;
#1226 = EDGE_CURVE ( 'NONE', #2512, #1994, #1110, .T. ) ;
#1227 = EDGE_LOOP ( 'NONE', ( #1027, #2623, #1194, #2521 ) ) ;
#1228 = AXIS2_PLACEMENT_3D ( 'NONE', #242, #2833, #191 ) ;
#1229 = ORIENTED_EDGE ( 'NONE', *, *, #654, .F. ) ;
#1230 = DIRECTION ( 'NONE',  ( 0.000000000000000000, 0.000000000000000000, -1.000000000000000000 ) ) ;
#1231 = CIRCLE ( 'NONE', #1015, 1.024999999999998135 ) ;
#1232 = EDGE_CURVE ( 'NONE', #3440, #2562, #1420, .T. ) ;
#1233 = ADVANCED_FACE ( 'NONE', ( #586 ), #2738, .F. ) ;
#1234 = ORIENTED_EDGE ( 'NONE', *, *, #2329, .T. ) ;
#1235 = ORIENTED_EDGE ( 'NONE', *, *, #3265, .F. ) ;
#1236 = VECTOR ( 'NONE', #2405, 1000.000000000000000 ) ;
#1237 = LINE ( 'NONE', #2290, #1728 ) ;
#1238 = CARTESIAN_POINT ( 'NONE',  ( 3.000000000000002665, -2.000000000000000000, -38.49258438071942123 ) ) ;
#1239 = DIRECTION ( 'NONE',  ( 0.8660254037844387076, 0.000000000000000000, -0.4999999999999999445 ) ) ;
#1240 = CARTESIAN_POINT ( 'NONE',  ( 0.000000000000000000, 28.00000000000000000, 0.000000000000000000 ) ) ;
#1241 = CARTESIAN_POINT ( 'NONE',  ( 2.999999999999999556, -2.000000000000000000, -58.00000000000024158 ) ) ;
#1242 = ORIENTED_EDGE ( 'NONE', *, *, #2456, .T. ) ;
#1243 = DIRECTION ( 'NONE',  ( 0.000000000000000000, 0.000000000000000000, 1.000000000000000000 ) ) ;
#1244 = CARTESIAN_POINT ( 'NONE',  ( 12.28000000000000647, -33.07213933207226830, -33.00000000000000000 ) ) ;
#1245 = VERTEX_POINT ( 'NONE', #2975 ) ;
#1246 = ORIENTED_EDGE ( 'NONE', *, *, #249, .F. ) ;
#1247 = DIRECTION ( 'NONE',  ( 0.4999999999999998890, 0.000000000000000000, 0.8660254037844387076 ) ) ;
#1248 = ORIENTED_EDGE ( 'NONE', *, *, #653, .T. ) ;
#1249 = VERTEX_POINT ( 'NONE', #1130 ) ;
#1250 = CARTESIAN_POINT ( 'NONE',  ( 136.5000000000000000, 0.000000000000000000, -28.00000000000003553 ) ) ;
#1251 = EDGE_CURVE ( 'NONE', #694, #2063, #862, .T. ) ;
#1252 = CARTESIAN_POINT ( 'NONE',  ( 12.43943481657403005, 0.000000000000000000, -23.52165700207143573 ) ) ;
#1253 = DIRECTION ( 'NONE',  ( 0.000000000000000000, -1.000000000000000000, 0.000000000000000000 ) ) ;
#1254 = DIRECTION ( 'NONE',  ( 0.000000000000000000, -1.000000000000000000, 0.000000000000000000 ) ) ;
#1255 = DIRECTION ( 'NONE',  ( -0.000000000000000000, 1.000000000000000000, -0.000000000000000000 ) ) ;
#1256 = ORIENTED_EDGE ( 'NONE', *, *, #1512, .F. ) ;
#1257 = DIRECTION ( 'NONE',  ( -1.000000000000000000, 0.000000000000000000, 0.000000000000000000 ) ) ;
#1258 = FACE_OUTER_BOUND ( 'NONE', #2505, .T. ) ;
#1259 = ORIENTED_EDGE ( 'NONE', *, *, #3375, .F. ) ;
#1260 = ORIENTED_EDGE ( 'NONE', *, *, #1486, .F. ) ;
#1261 = DIRECTION ( 'NONE',  ( -0.000000000000000000, 1.000000000000000000, -0.000000000000000000 ) ) ;
#1262 = VERTEX_POINT ( 'NONE', #811 ) ;
#1263 = ORIENTED_EDGE ( 'NONE', *, *, #1080, .T. ) ;
#1264 = AXIS2_PLACEMENT_3D ( 'NONE', #1692, #3046, #370 ) ;
#1265 = LINE ( 'NONE', #2547, #3123 ) ;
#1266 = APPROVAL_PERSON_ORGANIZATION ( #2277, #1353, #3348 ) ;
#1267 = EDGE_CURVE ( 'NONE', #3260, #2011, #2926, .T. ) ;
#1268 = DIRECTION ( 'NONE',  ( 0.000000000000000000, 0.000000000000000000, -1.000000000000000000 ) ) ;
#1269 = VECTOR ( 'NONE', #1356, 1000.000000000000000 ) ;
#1270 = EDGE_CURVE ( 'NONE', #2012, #3121, #553, .T. ) ;
#1271 = FACE_OUTER_BOUND ( 'NONE', #1934, .T. ) ;
#1272 = PLANE ( 'NONE',  #3286 ) ;
#1273 = DIRECTION ( 'NONE',  ( 0.000000000000000000, -0.7071067811865487940, -0.7071067811865463515 ) ) ;
#1274 = EDGE_CURVE ( 'NONE', #531, #899, #2051, .T. ) ;
#1275 = VERTEX_POINT ( 'NONE', #831 ) ;
#1276 = AXIS2_PLACEMENT_3D ( 'NONE', #2308, #1535, #1078 ) ;
#1277 = CARTESIAN_POINT ( 'NONE',  ( 41.92999999999999972, 28.00000000000000000, -56.00000000000000000 ) ) ;
#1278 = CARTESIAN_POINT ( 'NONE',  ( 40.43000000000001393, 0.000000000000000000, -58.00000000000019895 ) ) ;
#1279 = AXIS2_PLACEMENT_3D ( 'NONE', #1513, #2563, #641 ) ;
#1280 = ORIENTED_EDGE ( 'NONE', *, *, #1889, .T. ) ;
#1281 = AXIS2_PLACEMENT_3D ( 'NONE', #2588, #2817, #2838 ) ;
#1282 = CARTESIAN_POINT ( 'NONE',  ( 1.999999999999999556, 28.00000000000000000, -16.99999999999998224 ) ) ;
#1283 = VECTOR ( 'NONE', #1809, 1000.000000000000000 ) ;
#1284 = ORIENTED_EDGE ( 'NONE', *, *, #1402, .F. ) ;
#1285 = EDGE_LOOP ( 'NONE', ( #1013, #116, #2841, #1470 ) ) ;
#1286 = VECTOR ( 'NONE', #3149, 1000.000000000000000 ) ;
#1287 = CARTESIAN_POINT ( 'NONE',  ( 32.90000000000000568, 3.999999999999996447, -36.50000000000000711 ) ) ;
#1288 = LINE ( 'NONE', #473, #661 ) ;
#1289 = VECTOR ( 'NONE', #3020, 1000.000000000000000 ) ;
#1290 = EDGE_CURVE ( 'NONE', #87, #1853, #1143, .T. ) ;
#1291 = DIRECTION ( 'NONE',  ( 7.885106708985501360E-17, -1.000000000000000000, -0.000000000000000000 ) ) ;
#1292 = CYLINDRICAL_SURFACE ( 'NONE', #1210, 2.000000000000001776 ) ;
#1293 = ORIENTED_EDGE ( 'NONE', *, *, #1677, .F. ) ;
#1294 = CARTESIAN_POINT ( 'NONE',  ( 100.0799999999999983, 3.999999999999997335, -36.50000000000000711 ) ) ;
#1295 = DIRECTION ( 'NONE',  ( -3.145464145016877167E-16, 1.000000000000000000, -0.000000000000000000 ) ) ;
#1296 = EDGE_CURVE ( 'NONE', #1906, #236, #1385, .T. ) ;
#1297 = ORIENTED_EDGE ( 'NONE', *, *, #185, .T. ) ;
#1298 = PLANE ( 'NONE',  #1885 ) ;
#1299 = ORIENTED_EDGE ( 'NONE', *, *, #377, .T. ) ;
#1300 = ORIENTED_EDGE ( 'NONE', *, *, #2940, .T. ) ;
#1301 = CARTESIAN_POINT ( 'NONE',  ( 34.90000000000000568, 28.00000000000000000, -58.00000000000000000 ) ) ;
#1302 = DIRECTION ( 'NONE',  ( -2.365532012695647203E-16, 1.000000000000000000, 0.000000000000000000 ) ) ;
#1303 = CARTESIAN_POINT ( 'NONE',  ( 8.750000000000000000, 0.2500000000000011102, -31.27500000000000568 ) ) ;
#1304 = DIRECTION ( 'NONE',  ( 0.000000000000000000, 0.000000000000000000, 1.000000000000000000 ) ) ;
#1305 = ORIENTED_EDGE ( 'NONE', *, *, #2014, .T. ) ;
#1306 = CARTESIAN_POINT ( 'NONE',  ( 4.999999999999998224, -2.000000000000000000, -43.00000000000000000 ) ) ;
#1307 = DIRECTION ( 'NONE',  ( -0.000000000000000000, 1.000000000000000000, 0.000000000000000000 ) ) ;
#1308 = DIRECTION ( 'NONE',  ( 0.000000000000000000, 0.000000000000000000, -1.000000000000000000 ) ) ;
#1309 = EDGE_CURVE ( 'NONE', #857, #466, #361, .T. ) ;
#1310 = ORIENTED_EDGE ( 'NONE', *, *, #162, .F. ) ;
#1311 = ADVANCED_FACE ( 'NONE', ( #1890 ), #2998, .T. ) ;
#1312 = CARTESIAN_POINT ( 'NONE',  ( 0.000000000000000000, 3.999999999999998224, -28.00000000000000355 ) ) ;
#1313 = EDGE_LOOP ( 'NONE', ( #194, #3075, #1314, #271 ) ) ;
#1314 = ORIENTED_EDGE ( 'NONE', *, *, #1190, .F. ) ;
#1315 = DIRECTION ( 'NONE',  ( 0.000000000000000000, 0.000000000000000000, -1.000000000000000000 ) ) ;
#1316 = CARTESIAN_POINT ( 'NONE',  ( 8.750000000000000000, -1.734723475976807094E-15, -33.57500000000000284 ) ) ;
#1317 = VECTOR ( 'NONE', #32, 1000.000000000000000 ) ;
#1318 = CARTESIAN_POINT ( 'NONE',  ( 136.5000000000000000, -2.000000000000000000, -28.00000000000003553 ) ) ;
#1319 = CARTESIAN_POINT ( 'NONE',  ( 10.49258438071939992, -2.000000000000000000, -26.89370087170925672 ) ) ;
#1320 = AXIS2_PLACEMENT_3D ( 'NONE', #3291, #2461, #2253 ) ;
#1321 = CARTESIAN_POINT ( 'NONE',  ( 5.000000000000000000, -2.000000000000000000, -56.00000000000000000 ) ) ;
#1322 = AXIS2_PLACEMENT_3D ( 'NONE', #2951, #578, #2124 ) ;
#1323 = CARTESIAN_POINT ( 'NONE',  ( 130.7500000000000000, 0.2500000000000011102, -31.27500000000000568 ) ) ;
#1324 = CARTESIAN_POINT ( 'NONE',  ( 6.365957710006634543E-16, 4.000000000000000888, -28.00000000000000355 ) ) ;
#1325 = VECTOR ( 'NONE', #2148, 1000.000000000000000 ) ;
#1326 = VERTEX_POINT ( 'NONE', #2194 ) ;
#1327 = CARTESIAN_POINT ( 'NONE',  ( 32.90000000000000568, 28.00000000000000000, -28.00000000000000355 ) ) ;
#1328 = ADVANCED_FACE ( 'NONE', ( #3261 ), #625, .F. ) ;
#1329 = AXIS2_PLACEMENT_3D ( 'NONE', #3235, #44, #2437 ) ;
#1330 = ORIENTED_EDGE ( 'NONE', *, *, #2329, .F. ) ;
#1331 = VECTOR ( 'NONE', #2337, 1000.000000000000000 ) ;
#1332 = VERTEX_POINT ( 'NONE', #306 ) ;
#1333 = CARTESIAN_POINT ( 'NONE',  ( 15.89999999999999680, 3.999999999999998224, -56.00000000000000000 ) ) ;
#1334 = DIRECTION ( 'NONE',  ( 0.000000000000000000, -1.000000000000000000, 0.000000000000000000 ) ) ;
#1335 = ADVANCED_FACE ( 'NONE', ( #1364 ), #1907, .F. ) ;
#1336 = CIRCLE ( 'NONE', #1998, 8.500000000000000000 ) ;
#1337 = EDGE_CURVE ( 'NONE', #2979, #899, #2824, .T. ) ;
#1338 = DIRECTION ( 'NONE',  ( -1.000000000000000000, 0.000000000000000000, 0.000000000000000000 ) ) ;
#1339 = VECTOR ( 'NONE', #2073, 1000.000000000000000 ) ;
#1340 = CARTESIAN_POINT ( 'NONE',  ( 122.5800000000000267, 3.999999999999995559, -58.00000000000000000 ) ) ;
#1341 = LINE ( 'NONE', #1068, #1269 ) ;
#1342 = DIRECTION ( 'NONE',  ( 0.000000000000000000, -1.000000000000000000, 0.000000000000000000 ) ) ;
#1343 = VECTOR ( 'NONE', #1807, 1000.000000000000000 ) ;
#1344 = DIRECTION ( 'NONE',  ( -0.000000000000000000, -1.000000000000000000, -0.000000000000000000 ) ) ;
#1345 = LINE ( 'NONE', #1088, #433 ) ;
#1346 = VERTEX_POINT ( 'NONE', #448 ) ;
#1347 = DIRECTION ( 'NONE',  ( 1.000000000000000000, 4.336808689942013792E-16, 0.000000000000000000 ) ) ;
#1348 = ORIENTED_EDGE ( 'NONE', *, *, #2671, .T. ) ;
#1349 = ORIENTED_EDGE ( 'NONE', *, *, #1063, .T. ) ;
#1350 = DIRECTION ( 'NONE',  ( -0.000000000000000000, -0.000000000000000000, -1.000000000000000000 ) ) ;
#1351 = DIRECTION ( 'NONE',  ( -3.145464145016877167E-16, 1.000000000000000000, -0.000000000000000000 ) ) ;
#1352 = CARTESIAN_POINT ( 'NONE',  ( 72.07999999999999829, 3.999999999999998224, -56.00000000000000000 ) ) ;
#1353 = APPROVAL ( #1691, 'UNSPECIFIED' ) ;
#1354 = EDGE_CURVE ( 'NONE', #149, #338, #901, .T. ) ;
#1355 = DIRECTION ( 'NONE',  ( -0.000000000000000000, 1.000000000000000000, -0.000000000000000000 ) ) ;
#1356 = DIRECTION ( 'NONE',  ( -1.000000000000000000, -0.000000000000000000, -0.000000000000000000 ) ) ;
#1357 = DIRECTION ( 'NONE',  ( -0.000000000000000000, 1.000000000000000000, -0.000000000000000000 ) ) ;
#1358 = CARTESIAN_POINT ( 'NONE',  ( 139.5000000000000000, -2.000000000000000000, -16.99999999999999289 ) ) ;
#1359 = LINE ( 'NONE', #872, #1870 ) ;
#1360 = ORIENTED_EDGE ( 'NONE', *, *, #2753, .F. ) ;
#1361 = DIRECTION ( 'NONE',  ( 0.000000000000000000, 0.000000000000000000, -1.000000000000000000 ) ) ;
#1362 = ORIENTED_EDGE ( 'NONE', *, *, #2264, .F. ) ;
#1363 = ORIENTED_EDGE ( 'NONE', *, *, #1992, .F. ) ;
#1364 = FACE_OUTER_BOUND ( 'NONE', #2041, .T. ) ;
#1365 = DIRECTION ( 'NONE',  ( 0.000000000000000000, 0.000000000000000000, 1.000000000000000000 ) ) ;
#1366 = FACE_OUTER_BOUND ( 'NONE', #24, .T. ) ;
#1367 = ORIENTED_EDGE ( 'NONE', *, *, #2559, .T. ) ;
#1368 = CARTESIAN_POINT ( 'NONE',  ( 0.000000000000000000, 3.999999999999995559, -28.00000000000000355 ) ) ;
#1369 = ADVANCED_FACE ( 'NONE', ( #1956 ), #166, .T. ) ;
#1370 = DIRECTION ( 'NONE',  ( 0.000000000000000000, 0.000000000000000000, -1.000000000000000000 ) ) ;
#1371 = EDGE_CURVE ( 'NONE', #680, #3327, #2768, .T. ) ;
#1372 = VECTOR ( 'NONE', #2589, 1000.000000000000000 ) ;
#1373 = CARTESIAN_POINT ( 'NONE',  ( 80.58000000000001251, 0.000000000000000000, -36.50000000000000711 ) ) ;
#1374 = FACE_OUTER_BOUND ( 'NONE', #2476, .T. ) ;
#1375 = CARTESIAN_POINT ( 'NONE',  ( 62.92999999999999972, 3.999999999999998224, -56.00000000000000000 ) ) ;
#1376 = CIRCLE ( 'NONE', #2040, 8.500000000000000000 ) ;
#1377 = EDGE_CURVE ( 'NONE', #1727, #2279, #183, .T. ) ;
#1378 = EDGE_CURVE ( 'NONE', #2804, #3279, #677, .T. ) ;
#1379 = EDGE_LOOP ( 'NONE', ( #1752, #585, #3317, #1212 ) ) ;
#1380 = AXIS2_PLACEMENT_3D ( 'NONE', #1897, #244, #1304 ) ;
#1381 = FACE_OUTER_BOUND ( 'NONE', #73, .T. ) ;
#1382 = AXIS2_PLACEMENT_3D ( 'NONE', #2619, #1302, #1095 ) ;
#1383 = ORIENTED_EDGE ( 'NONE', *, *, #618, .T. ) ;
#1384 = VERTEX_POINT ( 'NONE', #376 ) ;
#1385 = LINE ( 'NONE', #2668, #2054 ) ;
#1386 = DIRECTION ( 'NONE',  ( -0.000000000000000000, -1.000000000000000000, -0.000000000000000000 ) ) ;
#1387 = AXIS2_PLACEMENT_3D ( 'NONE', #3144, #1247, #3160 ) ;
#1388 = ORIENTED_EDGE ( 'NONE', *, *, #1551, .F. ) ;
#1389 = VECTOR ( 'NONE', #3049, 1000.000000000000000 ) ;
#1390 = FACE_OUTER_BOUND ( 'NONE', #2189, .T. ) ;
#1391 = CARTESIAN_POINT ( 'NONE',  ( 98.07999999999999829, 3.999999999999997335, -58.00000000000000000 ) ) ;
#1392 = AXIS2_PLACEMENT_3D ( 'NONE', #2156, #1586, #1861 ) ;
#1393 = CARTESIAN_POINT ( 'NONE',  ( 127.0605651834259788, -2.000000000000000000, -23.52165700207143573 ) ) ;
#1394 = CARTESIAN_POINT ( 'NONE',  ( 66.58000000000001251, 0.000000000000000000, -58.00000000000000000 ) ) ;
#1395 = CARTESIAN_POINT ( 'NONE',  ( 8.750000000000000000, 0.000000000000000000, -32.30000000000000426 ) ) ;
#1396 = VECTOR ( 'NONE', #799, 1000.000000000000000 ) ;
#1397 = LINE ( 'NONE', #1678, #1546 ) ;
#1398 = ORIENTED_EDGE ( 'NONE', *, *, #121, .F. ) ;
#1399 = AXIS2_PLACEMENT_3D ( 'NONE', #3183, #1596, #3198 ) ;
#1400 = EDGE_CURVE ( 'NONE', #3260, #3127, #1971, .T. ) ;
#1401 = DIRECTION ( 'NONE',  ( -0.000000000000000000, -1.000000000000000000, -0.000000000000000000 ) ) ;
#1402 = EDGE_CURVE ( 'NONE', #1854, #1193, #3336, .T. ) ;
#1403 = ORIENTED_EDGE ( 'NONE', *, *, #2247, .T. ) ;
#1404 = ORIENTED_EDGE ( 'NONE', *, *, #360, .F. ) ;
#1405 = CARTESIAN_POINT ( 'NONE',  ( 41.92999999999999972, 4.000000000000000000, -58.00000000000000000 ) ) ;
#1406 = CARTESIAN_POINT ( 'NONE',  ( 36.27999999999999403, 3.999999999999994671, -55.99999999999999289 ) ) ;
#1407 = ORIENTED_EDGE ( 'NONE', *, *, #544, .F. ) ;
#1408 = ORIENTED_EDGE ( 'NONE', *, *, #3337, .T. ) ;
#1409 = CARTESIAN_POINT ( 'NONE',  ( 124.5000000000000142, -2.000000000000000000, -25.00000000000000000 ) ) ;
#1410 = DIRECTION ( 'NONE',  ( 0.000000000000000000, 0.000000000000000000, -1.000000000000000000 ) ) ;
#1411 = CARTESIAN_POINT ( 'NONE',  ( 0.000000000000000000, 3.999999999999995559, -28.00000000000000355 ) ) ;
#1412 = FACE_OUTER_BOUND ( 'NONE', #2974, .T. ) ;
#1413 = CARTESIAN_POINT ( 'NONE',  ( -1.258185658006746331E-15, 3.999999999999986233, -28.00000000000000355 ) ) ;
#1414 = LINE ( 'NONE', #107, #2536 ) ;
#1415 = ORIENTED_EDGE ( 'NONE', *, *, #636, .F. ) ;
#1416 = DIRECTION ( 'NONE',  ( 0.000000000000000000, 0.000000000000000000, -1.000000000000000000 ) ) ;
#1417 = EDGE_CURVE ( 'NONE', #431, #2011, #395, .T. ) ;
#1418 = EDGE_LOOP ( 'NONE', ( #1973, #673, #492, #3245 ) ) ;
#1419 = ORIENTED_EDGE ( 'NONE', *, *, #336, .F. ) ;
#1420 = LINE ( 'NONE', #2945, #2214 ) ;
#1421 = CARTESIAN_POINT ( 'NONE',  ( 62.93000000000001393, 28.00000000000000000, -58.00000000000000000 ) ) ;
#1422 = EDGE_CURVE ( 'NONE', #236, #951, #3054, .T. ) ;
#1423 = ORIENTED_EDGE ( 'NONE', *, *, #1550, .F. ) ;
#1424 = CARTESIAN_POINT ( 'NONE',  ( 15.00000000000000000, -2.000000000000000000, -25.00000000000000000 ) ) ;
#1425 = DIRECTION ( 'NONE',  ( -1.000000000000000000, -2.365532012695649668E-16, 0.000000000000000000 ) ) ;
#1426 = DIRECTION ( 'NONE',  ( 3.145464145016877167E-16, -1.000000000000000000, 0.000000000000000000 ) ) ;
#1427 = DIRECTION ( 'NONE',  ( -0.000000000000000000, 1.000000000000000000, 0.000000000000000000 ) ) ;
#1428 = PLANE ( 'NONE',  #2367 ) ;
#1429 = DIRECTION ( 'NONE',  ( 0.000000000000000000, -0.5150380749100550437, -0.8571673007021117785 ) ) ;
#1430 = CIRCLE ( 'NONE', #2478, 2.000000000000001776 ) ;
#1431 = ORIENTED_EDGE ( 'NONE', *, *, #1909, .F. ) ;
#1432 = DIRECTION ( 'NONE',  ( -1.000000000000000000, 0.000000000000000000, 0.000000000000000000 ) ) ;
#1433 = VECTOR ( 'NONE', #3167, 1000.000000000000000 ) ;
#1434 = ORIENTED_EDGE ( 'NONE', *, *, #1146, .T. ) ;
#1435 = VERTEX_POINT ( 'NONE', #1715 ) ;
#1436 = EDGE_CURVE ( 'NONE', #1191, #236, #1007, .T. ) ;
#1437 = DIRECTION ( 'NONE',  ( -0.000000000000000000, -1.000000000000000000, -0.000000000000000000 ) ) ;
#1438 = VECTOR ( 'NONE', #2685, 1000.000000000000000 ) ;
#1439 = ORIENTED_EDGE ( 'NONE', *, *, #3100, .T. ) ;
#1440 = CIRCLE ( 'NONE', #1059, 8.500000000000000000 ) ;
#1441 = ORIENTED_EDGE ( 'NONE', *, *, #2286, .F. ) ;
#1442 = ADVANCED_FACE ( 'NONE', ( #2510 ), #2492, .T. ) ;
#1443 = DIRECTION ( 'NONE',  ( -1.000000000000000000, 0.000000000000000000, -0.000000000000000000 ) ) ;
#1444 = EDGE_CURVE ( 'NONE', #3057, #1166, #1457, .T. ) ;
#1445 = AXIS2_PLACEMENT_3D ( 'NONE', #237, #2893, #2113 ) ;
#1446 = DIRECTION ( 'NONE',  ( -0.000000000000000000, 0.000000000000000000, -1.000000000000000000 ) ) ;
#1447 = AXIS2_PLACEMENT_3D ( 'NONE', #3430, #2332, #1243 ) ;
#1448 = CARTESIAN_POINT ( 'NONE',  ( 0.000000000000000000, -2.000000000000000000, -58.00000000000000000 ) ) ;
#1449 = DIRECTION ( 'NONE',  ( 0.000000000000000000, 0.000000000000000000, -1.000000000000000000 ) ) ;
#1450 = ORIENTED_EDGE ( 'NONE', *, *, #1477, .F. ) ;
#1451 = AXIS2_PLACEMENT_3D ( 'NONE', #2759, #2780, #386 ) ;
#1452 = ORIENTED_EDGE ( 'NONE', *, *, #269, .T. ) ;
#1453 = AXIS2_PLACEMENT_3D ( 'NONE', #2183, #1995, #1925 ) ;
#1454 = CARTESIAN_POINT ( 'NONE',  ( 72.07999999999999829, 28.00000000000000000, -36.50000000000000711 ) ) ;
#1455 = ORIENTED_EDGE ( 'NONE', *, *, #1189, .T. ) ;
#1456 = ORIENTED_EDGE ( 'NONE', *, *, #3339, .T. ) ;
#1457 = LINE ( 'NONE', #115, #1061 ) ;
#1458 = ORIENTED_EDGE ( 'NONE', *, *, #1127, .F. ) ;
#1459 = EDGE_LOOP ( 'NONE', ( #2555, #3384, #415, #3218 ) ) ;
#1460 = FACE_OUTER_BOUND ( 'NONE', #916, .T. ) ;
#1461 = CARTESIAN_POINT ( 'NONE',  ( 36.28000000000000114, -33.07213933207226120, -56.00000000000000000 ) ) ;
#1462 = EDGE_CURVE ( 'NONE', #371, #1578, #1180, .T. ) ;
#1463 = DIRECTION ( 'NONE',  ( 0.8660254037844387076, -0.000000000000000000, 0.4999999999999999445 ) ) ;
#1464 = CARTESIAN_POINT ( 'NONE',  ( 0.000000000000000000, -2.000000000000000000, -56.00000000000000000 ) ) ;
#1465 = CALENDAR_DATE ( 2025, 28, 4 ) ;
#1466 = LINE ( 'NONE', #2244, #992 ) ;
#1467 = VERTEX_POINT ( 'NONE', #3090 ) ;
#1468 = CARTESIAN_POINT ( 'NONE',  ( 36.27999999999999403, 0.000000000000000000, -56.00000000000000000 ) ) ;
#1469 = ORIENTED_EDGE ( 'NONE', *, *, #2429, .T. ) ;
#1470 = ORIENTED_EDGE ( 'NONE', *, *, #2602, .T. ) ;
#1471 = FACE_OUTER_BOUND ( 'NONE', #2368, .T. ) ;
#1472 = ORIENTED_EDGE ( 'NONE', *, *, #3408, .F. ) ;
#1473 = ORIENTED_EDGE ( 'NONE', *, *, #931, .T. ) ;
#1474 = FACE_OUTER_BOUND ( 'NONE', #2542, .T. ) ;
#1475 = CYLINDRICAL_SURFACE ( 'NONE', #3437, 2.000000000000001776 ) ;
#1476 = DIRECTION ( 'NONE',  ( 0.000000000000000000, 0.000000000000000000, -1.000000000000000000 ) ) ;
#1477 = EDGE_CURVE ( 'NONE', #2798, #2790, #3072, .T. ) ;
#1478 = CARTESIAN_POINT ( 'NONE',  ( 60.93000000000000682, 28.00000000000000000, -28.00000000000000355 ) ) ;
#1479 = DATE_AND_TIME ( #1744, #2045 ) ;
#1480 = EDGE_CURVE ( 'NONE', #2646, #1578, #2788, .T. ) ;
#1481 = DIRECTION ( 'NONE',  ( -0.000000000000000000, 1.000000000000000000, -0.000000000000000000 ) ) ;
#1482 = ORIENTED_EDGE ( 'NONE', *, *, #3076, .T. ) ;
#1483 = CARTESIAN_POINT ( 'NONE',  ( 5.000000000000000000, -2.000000000000000000, -58.00000000000039080 ) ) ;
#1484 = DIRECTION ( 'NONE',  ( 0.000000000000000000, 0.000000000000000000, -1.000000000000000000 ) ) ;
#1485 = ADVANCED_FACE ( 'NONE', ( #1471 ), #1209, .T. ) ;
#1486 = EDGE_CURVE ( 'NONE', #595, #1089, #3169, .T. ) ;
#1487 = VERTEX_POINT ( 'NONE', #532 ) ;
#1488 = ORIENTED_EDGE ( 'NONE', *, *, #3012, .T. ) ;
#1489 = VECTOR ( 'NONE', #1782, 1000.000000000000000 ) ;
#1490 = CARTESIAN_POINT ( 'NONE',  ( 134.5000000000000000, -2.000000000000000000, -56.00000000000000000 ) ) ;
#1491 = VECTOR ( 'NONE', #1255, 1000.000000000000000 ) ;
#1492 = LOCAL_TIME ( 16, 23, 16.00000000000000000, #1036 ) ;
#1493 = EDGE_LOOP ( 'NONE', ( #807, #2862, #828, #465, #703, #3233, #3314, #446 ) ) ;
#1494 = EDGE_LOOP ( 'NONE', ( #1057, #2402, #3257, #3231 ) ) ;
#1495 = CIRCLE ( 'NONE', #2152, 2.000000000000001776 ) ;
#1496 = DIRECTION ( 'NONE',  ( -2.365532012695647203E-16, 1.000000000000000000, 0.000000000000000000 ) ) ;
#1497 = DIRECTION ( 'NONE',  ( 0.000000000000000000, 0.000000000000000000, -1.000000000000000000 ) ) ;
#1498 = VECTOR ( 'NONE', #813, 1000.000000000000000 ) ;
#1499 = CARTESIAN_POINT ( 'NONE',  ( 1.999999999999999556, -1.999999999999998224, -16.99999999999998224 ) ) ;
#1500 = DIRECTION ( 'NONE',  ( 0.000000000000000000, 0.000000000000000000, -1.000000000000000000 ) ) ;
#1501 = DATE_TIME_ROLE ( 'classification_date' ) ;
#1502 = DIRECTION ( 'NONE',  ( 0.000000000000000000, 1.000000000000000000, 0.000000000000000000 ) ) ;
#1503 = CIRCLE ( 'NONE', #3446, 8.500000000000007105 ) ;
#1504 = EDGE_LOOP ( 'NONE', ( #656, #776, #3267, #1431 ) ) ;
#1505 = LINE ( 'NONE', #3140, #1010 ) ;
#1506 = CARTESIAN_POINT ( 'NONE',  ( 32.90000000000000568, 0.000000000000000000, -36.50000000000000711 ) ) ;
#1507 = CIRCLE ( 'NONE', #3056, 2.000000000000000000 ) ;
#1508 = ORIENTED_EDGE ( 'NONE', *, *, #1226, .T. ) ;
#1509 = ADVANCED_FACE ( 'NONE', ( #1058 ), #1816, .F. ) ;
#1510 = AXIS2_PLACEMENT_3D ( 'NONE', #2033, #2276, #1500 ) ;
#1511 = VERTEX_POINT ( 'NONE', #793 ) ;
#1512 = EDGE_CURVE ( 'NONE', #430, #363, #2217, .T. ) ;
#1513 = CARTESIAN_POINT ( 'NONE',  ( 132.6062991282907433, -2.000000000000000000, -38.49258438071941413 ) ) ;
#1514 = CIRCLE ( 'NONE', #2778, 4.999999999999997335 ) ;
#1515 = VERTEX_POINT ( 'NONE', #2043 ) ;
#1516 = VERTEX_POINT ( 'NONE', #1542 ) ;
#1517 = VECTOR ( 'NONE', #2390, 1000.000000000000000 ) ;
#1518 = CARTESIAN_POINT ( 'NONE',  ( 89.08000000000002672, 28.00000000000000000, -56.00000000000000000 ) ) ;
#1519 = CARTESIAN_POINT ( 'NONE',  ( 45.43000000000000682, 4.000000000000000000, -33.00000000000000000 ) ) ;
#1520 = CARTESIAN_POINT ( 'NONE',  ( 96.57999999999999829, 4.000000000000008882, -55.99999999999999289 ) ) ;
#1521 = FACE_OUTER_BOUND ( 'NONE', #1313, .T. ) ;
#1522 = ORIENTED_EDGE ( 'NONE', *, *, #3330, .T. ) ;
#1523 = DIRECTION ( 'NONE',  ( 0.000000000000000000, 0.000000000000000000, -1.000000000000000000 ) ) ;
#1524 = CARTESIAN_POINT ( 'NONE',  ( 0.000000000000000000, 0.000000000000000000, -28.00000000000000355 ) ) ;
#1525 = ORIENTED_EDGE ( 'NONE', *, *, #3330, .F. ) ;
#1526 = ORIENTED_EDGE ( 'NONE', *, *, #1673, .F. ) ;
#1527 = DIRECTION ( 'NONE',  ( 0.000000000000000000, 0.000000000000000000, -1.000000000000000000 ) ) ;
#1528 = EDGE_CURVE ( 'NONE', #2039, #1249, #2933, .T. ) ;
#1529 = EDGE_CURVE ( 'NONE', #1710, #857, #2577, .T. ) ;
#1530 = ORIENTED_EDGE ( 'NONE', *, *, #908, .T. ) ;
#1531 = EDGE_LOOP ( 'NONE', ( #3181, #792, #428, #810 ) ) ;
#1532 = CARTESIAN_POINT ( 'NONE',  ( 45.43000000000000682, 0.000000000000000000, -28.00000000000000355 ) ) ;
#1533 = EDGE_CURVE ( 'NONE', #2591, #1727, #2660, .T. ) ;
#1534 = DIRECTION ( 'NONE',  ( -0.000000000000000000, -1.000000000000000000, -0.000000000000000000 ) ) ;
#1535 = DIRECTION ( 'NONE',  ( -0.000000000000000000, 1.000000000000000000, -0.000000000000000000 ) ) ;
#1536 = LINE ( 'NONE', #739, #3120 ) ;
#1537 = DIRECTION ( 'NONE',  ( -0.000000000000000000, -1.000000000000000000, -0.000000000000000000 ) ) ;
#1538 = ORIENTED_EDGE ( 'NONE', *, *, #2986, .F. ) ;
#1539 = PLANE ( 'NONE',  #1281 ) ;
#1540 = CARTESIAN_POINT ( 'NONE',  ( 0.000000000000000000, 28.00000000000000000, -58.00000000000000000 ) ) ;
#1541 = EDGE_LOOP ( 'NONE', ( #1398, #3287, #409, #310 ) ) ;
#1542 = CARTESIAN_POINT ( 'NONE',  ( 92.58000000000002672, 0.000000000000000000, -56.00000000000000000 ) ) ;
#1544 = ORIENTED_EDGE ( 'NONE', *, *, #1737, .T. ) ;
#1543 = EDGE_CURVE ( 'NONE', #1487, #1589, #1503, .T. ) ;
#1545 = ORIENTED_EDGE ( 'NONE', *, *, #2101, .T. ) ;
#1546 = VECTOR ( 'NONE', #1138, 1000.000000000000000 ) ;
#1547 = DIRECTION ( 'NONE',  ( 1.000000000000000000, 0.000000000000000000, -0.000000000000000000 ) ) ;
#1548 = CARTESIAN_POINT ( 'NONE',  ( 3.000000000000002665, -2.000000000000000000, -38.49258438071942123 ) ) ;
#1549 = AXIS2_PLACEMENT_3D ( 'NONE', #941, #3397, #3061 ) ;
#1550 = EDGE_CURVE ( 'NONE', #3266, #2299, #108, .T. ) ;
#1551 = EDGE_CURVE ( 'NONE', #25, #2762, #556, .T. ) ;
#1552 = DIRECTION ( 'NONE',  ( 1.000000000000000000, 0.000000000000000000, -0.000000000000000000 ) ) ;
#1553 = AXIS2_PLACEMENT_3D ( 'NONE', #333, #1135, #3042 ) ;
#1554 = CARTESIAN_POINT ( 'NONE',  ( 70.07999999999999829, 3.999999999999998224, -58.00000000000000000 ) ) ;
#1555 = ORIENTED_EDGE ( 'NONE', *, *, #2749, .T. ) ;
#1556 = CARTESIAN_POINT ( 'NONE',  ( 120.5800000000000267, 0.000000000000000000, -28.00000000000000355 ) ) ;
#1557 = CARTESIAN_POINT ( 'NONE',  ( 36.27999999999999403, 3.999999999999994671, -28.00000000000020250 ) ) ;
#1558 = VECTOR ( 'NONE', #621, 999.9999999999998863 ) ;
#1559 = ORIENTED_EDGE ( 'NONE', *, *, #2137, .F. ) ;
#1560 = AXIS2_PLACEMENT_3D ( 'NONE', #2747, #949, #372 ) ;
#1561 = CARTESIAN_POINT ( 'NONE',  ( 132.6062991282907433, 0.000000000000000000, -38.49258438071941413 ) ) ;
#1562 = AXIS2_PLACEMENT_3D ( 'NONE', #3307, #924, #3323 ) ;
#1563 = ORIENTED_EDGE ( 'NONE', *, *, #2079, .F. ) ;
#1564 = ORIENTED_EDGE ( 'NONE', *, *, #143, .F. ) ;
#1565 = VECTOR ( 'NONE', #2982, 1000.000000000000000 ) ;
#1566 = DIRECTION ( 'NONE',  ( -0.000000000000000000, -0.000000000000000000, -1.000000000000000000 ) ) ;
#1567 = DIRECTION ( 'NONE',  ( 0.000000000000000000, 0.000000000000000000, -1.000000000000000000 ) ) ;
#1568 = AXIS2_PLACEMENT_3D ( 'NONE', #426, #1908, #362 ) ;
#1569 = PLANE ( 'NONE',  #1726 ) ;
#1570 = APPROVAL_STATUS ( 'not_yet_approved' ) ;
#1571 = CARTESIAN_POINT ( 'NONE',  ( 131.4999999999999716, 0.000000000000000000, -23.00000000000000355 ) ) ;
#1572 = ADVANCED_FACE ( 'NONE', ( #1833 ), #1011, .T. ) ;
#1573 = ORIENTED_EDGE ( 'NONE', *, *, #122, .F. ) ;
#1574 = DIRECTION ( 'NONE',  ( -0.000000000000000000, -0.000000000000000000, -1.000000000000000000 ) ) ;
#1575 = DIRECTION ( 'NONE',  ( 0.000000000000000000, 1.000000000000000000, 0.000000000000000000 ) ) ;
#1576 = VERTEX_POINT ( 'NONE', #3109 ) ;
#1577 = CARTESIAN_POINT ( 'NONE',  ( 24.40000000000000568, 3.999999999999994227, -28.00000000000000355 ) ) ;
#1578 = VERTEX_POINT ( 'NONE', #731 ) ;
#1579 = ORIENTED_EDGE ( 'NONE', *, *, #2351, .F. ) ;
#1580 = DIRECTION ( 'NONE',  ( -0.000000000000000000, 1.000000000000000000, -0.000000000000000000 ) ) ;
#1581 = LINE ( 'NONE', #1049, #1498 ) ;
#1582 = DIRECTION ( 'NONE',  ( 0.000000000000000000, -1.000000000000000000, 0.000000000000000000 ) ) ;
#1583 = DIRECTION ( 'NONE',  ( 0.000000000000000000, 1.000000000000000000, -0.000000000000000000 ) ) ;
#1584 = ADVANCED_FACE ( 'NONE', ( #3391 ), #2066, .T. ) ;
#1585 = DIRECTION ( 'NONE',  ( 0.000000000000000000, -1.000000000000000000, 0.000000000000000000 ) ) ;
#1586 = DIRECTION ( 'NONE',  ( -2.365532012695647203E-16, 1.000000000000000000, 0.000000000000000000 ) ) ;
#1587 = EDGE_CURVE ( 'NONE', #2740, #2509, #2352, .T. ) ;
#1588 = DIRECTION ( 'NONE',  ( 0.000000000000000000, 0.000000000000000000, -1.000000000000000000 ) ) ;
#1589 = VERTEX_POINT ( 'NONE', #747 ) ;
#1590 = EDGE_CURVE ( 'NONE', #1245, #1854, #2830, .T. ) ;
#1591 = CARTESIAN_POINT ( 'NONE',  ( -3.154042683594191669E-16, 3.999999999999989786, -58.00000000000000000 ) ) ;
#1592 = EDGE_CURVE ( 'NONE', #970, #2736, #3410, .T. ) ;
#1593 = ORIENTED_EDGE ( 'NONE', *, *, #2029, .F. ) ;
#1594 = ORIENTED_EDGE ( 'NONE', *, *, #1003, .T. ) ;
#1595 = DIRECTION ( 'NONE',  ( 1.000000000000000000, 7.885106708985500127E-17, 0.000000000000000000 ) ) ;
#1596 = DIRECTION ( 'NONE',  ( -2.365532012695647203E-16, 1.000000000000000000, 0.000000000000000000 ) ) ;
#1597 = DIRECTION ( 'NONE',  ( -0.000000000000000000, -0.000000000000000000, 1.000000000000000000 ) ) ;
#1598 = AXIS2_PLACEMENT_3D ( 'NONE', #1849, #3141, #2333 ) ;
#1599 = DIRECTION ( 'NONE',  ( -1.000000000000000000, -2.365532012695647203E-16, 0.000000000000000000 ) ) ;
#1600 = DIRECTION ( 'NONE',  ( 0.000000000000000000, 0.000000000000000000, -1.000000000000000000 ) ) ;
#1601 = VECTOR ( 'NONE', #2529, 1000.000000000000000 ) ;
#1602 = CARTESIAN_POINT ( 'NONE',  ( 62.92999999999999972, -1.819435805720341279E-14, -56.00000000000000000 ) ) ;
#1603 = VECTOR ( 'NONE', #2426, 1000.000000000000000 ) ;
#1604 = DIRECTION ( 'NONE',  ( -0.000000000000000000, -1.000000000000000000, -0.000000000000000000 ) ) ;
#1605 = CARTESIAN_POINT ( 'NONE',  ( 12.27999999999999758, 3.999999999999988898, -33.00000000000000000 ) ) ;
#1606 = VECTOR ( 'NONE', #1350, 1000.000000000000000 ) ;
#1607 = ORIENTED_EDGE ( 'NONE', *, *, #2496, .F. ) ;
#1608 = CARTESIAN_POINT ( 'NONE',  ( 8.750000000000000000, 4.250000000000000000, -32.30000000000000426 ) ) ;
#1609 = VECTOR ( 'NONE', #413, 1000.000000000000000 ) ;
#1610 = CC_DESIGN_PERSON_AND_ORGANIZATION_ASSIGNMENT ( #2867, #192, ( #2099 ) ) ;
#1611 = ADVANCED_FACE ( 'NONE', ( #2614 ), #1298, .T. ) ;
#1612 = ORIENTED_EDGE ( 'NONE', *, *, #1924, .T. ) ;
#1613 = VECTOR ( 'NONE', #3015, 1000.000000000000000 ) ;
#1614 = VERTEX_POINT ( 'NONE', #1577 ) ;
#1615 = CARTESIAN_POINT ( 'NONE',  ( 0.000000000000000000, 0.000000000000000000, -58.00000000000000000 ) ) ;
#1616 = CARTESIAN_POINT ( 'NONE',  ( 89.08000000000002672, 28.00000000000000000, -36.50000000000000711 ) ) ;
#1617 = VECTOR ( 'NONE', #845, 1000.000000000000000 ) ;
#1618 = LINE ( 'NONE', #2084, #1438 ) ;
#1619 = AXIS2_PLACEMENT_3D ( 'NONE', #2186, #1344, #541 ) ;
#1620 = CARTESIAN_POINT ( 'NONE',  ( 66.58000000000001251, 28.00000000000001776, -58.00000000000000000 ) ) ;
#1621 = CIRCLE ( 'NONE', #1895, 4.999999999999997335 ) ;
#1622 = DIRECTION ( 'NONE',  ( 0.000000000000000000, 0.000000000000000000, -1.000000000000000000 ) ) ;
#1623 = CARTESIAN_POINT ( 'NONE',  ( 66.43000000000000682, 0.000000000000000000, -56.00000000000000000 ) ) ;
#1624 = DIRECTION ( 'NONE',  ( 0.000000000000000000, 0.000000000000000000, -1.000000000000000000 ) ) ;
#1625 = ORIENTED_EDGE ( 'NONE', *, *, #1781, .T. ) ;
#1626 = LINE ( 'NONE', #1327, #3172 ) ;
#1627 = ORIENTED_EDGE ( 'NONE', *, *, #3377, .T. ) ;
#1628 = ORIENTED_EDGE ( 'NONE', *, *, #164, .F. ) ;
#1629 = ADVANCED_FACE ( 'NONE', ( #253 ), #2630, .T. ) ;
#1630 = CARTESIAN_POINT ( 'NONE',  ( 12.28000000000000647, -33.07213933207226830, -56.00000000000000000 ) ) ;
#1631 = CARTESIAN_POINT ( 'NONE',  ( 72.07999999999999829, 0.000000000000000000, -28.00000000000000355 ) ) ;
#1632 = EDGE_CURVE ( 'NONE', #2087, #951, #834, .T. ) ;
#1633 = DIRECTION ( 'NONE',  ( 1.000000000000000000, 0.000000000000000000, -0.000000000000000000 ) ) ;
#1634 = ORIENTED_EDGE ( 'NONE', *, *, #2346, .T. ) ;
#1635 = DIRECTION ( 'NONE',  ( 0.000000000000000000, -0.000000000000000000, -1.000000000000000000 ) ) ;
#1636 = EDGE_CURVE ( 'NONE', #1770, #3121, #2603, .T. ) ;
#1637 = LINE ( 'NONE', #801, #711 ) ;
#1638 = LINE ( 'NONE', #3240, #102 ) ;
#1639 = DIRECTION ( 'NONE',  ( 0.8660254037844387076, 0.000000000000000000, 0.4999999999999998890 ) ) ;
#1640 = FACE_OUTER_BOUND ( 'NONE', #734, .T. ) ;
#1641 = ORIENTED_EDGE ( 'NONE', *, *, #189, .F. ) ;
#1642 = CARTESIAN_POINT ( 'NONE',  ( 68.58000000000002672, -33.07213933207225409, -33.00000000000000000 ) ) ;
#1643 = ORIENTED_EDGE ( 'NONE', *, *, #441, .F. ) ;
#1644 = ORIENTED_EDGE ( 'NONE', *, *, #861, .F. ) ;
#1645 = CARTESIAN_POINT ( 'NONE',  ( 129.0074156192806072, 0.000000000000000000, -26.89370087170925672 ) ) ;
#1646 = CARTESIAN_POINT ( 'NONE',  ( 72.07999999999999829, 28.00000000000000000, -56.00000000000000000 ) ) ;
#1647 = EDGE_CURVE ( 'NONE', #951, #1249, #548, .T. ) ;
#1648 = VERTEX_POINT ( 'NONE', #2921 ) ;
#1649 = PLANE ( 'NONE',  #898 ) ;
#1650 = DIRECTION ( 'NONE',  ( 1.000000000000000000, -2.891205793294678326E-16, 0.000000000000000000 ) ) ;
#1651 = EDGE_CURVE ( 'NONE', #3277, #2938, #3053, .T. ) ;
#1652 = ADVANCED_FACE ( 'NONE', ( #1681 ), #1125, .T. ) ;
#1653 = AXIS2_PLACEMENT_3D ( 'NONE', #1324, #2059, #2089 ) ;
#1654 = CARTESIAN_POINT ( 'NONE',  ( 59.43000000000001393, 0.000000000000000000, -28.00000000000000355 ) ) ;
#1655 = DIRECTION ( 'NONE',  ( -1.000000000000000000, 0.000000000000000000, 0.000000000000000000 ) ) ;
#1656 = DIRECTION ( 'NONE',  ( 0.000000000000000000, 0.000000000000000000, -1.000000000000000000 ) ) ;
#1657 = VECTOR ( 'NONE', #2086, 1000.000000000000000 ) ;
#1658 = VERTEX_POINT ( 'NONE', #9 ) ;
#1659 = CIRCLE ( 'NONE', #2649, 2.000000000000001776 ) ;
#1660 = LINE ( 'NONE', #1483, #1389 ) ;
#1661 = AXIS2_PLACEMENT_3D ( 'NONE', #1602, #2377, #854 ) ;
#1662 = EDGE_LOOP ( 'NONE', ( #721, #1886, #948, #323 ) ) ;
#1663 = ORIENTED_EDGE ( 'NONE', *, *, #1804, .T. ) ;
#1664 = CARTESIAN_POINT ( 'NONE',  ( 72.07999999999999829, 3.999999999999998224, -36.50000000000000711 ) ) ;
#1665 = DIRECTION ( 'NONE',  ( 7.885106708985501360E-17, -1.000000000000000000, -0.000000000000000000 ) ) ;
#1666 = VECTOR ( 'NONE', #3019, 1000.000000000000000 ) ;
#1667 = ORIENTED_EDGE ( 'NONE', *, *, #1909, .T. ) ;
#1668 = EDGE_LOOP ( 'NONE', ( #1164, #286, #355, #3058 ) ) ;
#1669 = VECTOR ( 'NONE', #1432, 1000.000000000000000 ) ;
#1670 = LINE ( 'NONE', #682, #1947 ) ;
#1671 = CARTESIAN_POINT ( 'NONE',  ( 66.43000000000000682, 3.999999999999996447, -56.00000000000000000 ) ) ;
#1672 = DIRECTION ( 'NONE',  ( 1.000000000000000000, 4.336808689942013792E-16, 0.000000000000000000 ) ) ;
#1673 = EDGE_CURVE ( 'NONE', #2572, #2576, #1626, .T. ) ;
#1674 = CARTESIAN_POINT ( 'NONE',  ( 43.93000000000000682, 28.00000000000000000, -56.00000000000000000 ) ) ;
#1675 = DIRECTION ( 'NONE',  ( 0.000000000000000000, -1.000000000000000000, -0.000000000000000000 ) ) ;
#1676 = VECTOR ( 'NONE', #3289, 1000.000000000000000 ) ;
#1677 = EDGE_CURVE ( 'NONE', #1576, #3085, #226, .T. ) ;
#1678 = CARTESIAN_POINT ( 'NONE',  ( 1.999999999999999556, 28.00000000000000000, -58.00000000000000000 ) ) ;
#1679 = ORIENTED_EDGE ( 'NONE', *, *, #1417, .F. ) ;
#1680 = CIRCLE ( 'NONE', #1123, 1.024999999999998135 ) ;
#1681 = FACE_OUTER_BOUND ( 'NONE', #1206, .T. ) ;
#1682 = VERTEX_POINT ( 'NONE', #596 ) ;
#1683 = ORIENTED_EDGE ( 'NONE', *, *, #1084, .T. ) ;
#1684 = CARTESIAN_POINT ( 'NONE',  ( 130.7500000000000000, 0.000000000000000000, -32.30000000000000426 ) ) ;
#1685 = CARTESIAN_POINT ( 'NONE',  ( 31.27999999999999403, 3.999999999999995559, -28.00000000000000355 ) ) ;
#1686 = ORIENTED_EDGE ( 'NONE', *, *, #2607, .F. ) ;
#1687 = LINE ( 'NONE', #402, #1676 ) ;
#1688 = DIRECTION ( 'NONE',  ( -0.000000000000000000, -0.000000000000000000, -1.000000000000000000 ) ) ;
#1689 = LINE ( 'NONE', #613, #882 ) ;
#1690 = DIRECTION ( 'NONE',  ( 1.000000000000000000, -0.000000000000000000, -0.000000000000000000 ) ) ;
#1691 = APPROVAL_STATUS ( 'not_yet_approved' ) ;
#1692 = CARTESIAN_POINT ( 'NONE',  ( 64.43000000000002103, -33.07213933207225409, -28.00000000000000355 ) ) ;
#1693 = ADVANCED_FACE ( 'NONE', ( #2383 ), #2452, .F. ) ;
#1694 = EDGE_LOOP ( 'NONE', ( #3108, #2175, #42, #584, #3316, #56, #957, #1367 ) ) ;
#1695 = DIRECTION ( 'NONE',  ( -1.156482317317841650E-16, -0.000000000000000000, 1.000000000000000000 ) ) ;
#1696 = VERTEX_POINT ( 'NONE', #1090 ) ;
#1697 = EDGE_CURVE ( 'NONE', #3341, #904, #3229, .T. ) ;
#1698 = ORIENTED_EDGE ( 'NONE', *, *, #3408, .T. ) ;
#1699 = EDGE_CURVE ( 'NONE', #1951, #1972, #1140, .T. ) ;
#1700 = DIRECTION ( 'NONE',  ( -0.000000000000000000, -1.000000000000000000, 0.000000000000000000 ) ) ;
#1701 = ORIENTED_EDGE ( 'NONE', *, *, #1651, .F. ) ;
#1702 = ORIENTED_EDGE ( 'NONE', *, *, #2258, .T. ) ;
#1703 = CARTESIAN_POINT ( 'NONE',  ( 0.000000000000000000, 0.000000000000000000, -28.00000000000000355 ) ) ;
#1704 = FACE_OUTER_BOUND ( 'NONE', #3439, .T. ) ;
#1705 = LINE ( 'NONE', #3253, #383 ) ;
#1706 = PLANE ( 'NONE',  #1451 ) ;
#1707 = DIRECTION ( 'NONE',  ( -0.000000000000000000, -1.000000000000000000, -0.000000000000000000 ) ) ;
#1708 = FACE_OUTER_BOUND ( 'NONE', #757, .T. ) ;
#1709 = AXIS2_PLACEMENT_3D ( 'NONE', #687, #2532, #2227 ) ;
#1710 = VERTEX_POINT ( 'NONE', #2680 ) ;
#1711 = DIRECTION ( 'NONE',  ( 8.659560562354918067E-17, -0.7071067811865487940, 0.7071067811865463515 ) ) ;
#1712 = CIRCLE ( 'NONE', #2540, 4.999999999999997335 ) ;
#1713 = VERTEX_POINT ( 'NONE', #1903 ) ;
#1714 = ORIENTED_EDGE ( 'NONE', *, *, #1551, .T. ) ;
#1715 = CARTESIAN_POINT ( 'NONE',  ( 3.000000000000002665, 0.000000000000000000, -28.00000000000003553 ) ) ;
#1716 = ADVANCED_FACE ( 'NONE', ( #340 ), #319, .F. ) ;
#1717 = ORIENTED_EDGE ( 'NONE', *, *, #1740, .F. ) ;
#1718 = AXIS2_PLACEMENT_3D ( 'NONE', #350, #3273, #890 ) ;
#1719 = ORIENTED_EDGE ( 'NONE', *, *, #162, .T. ) ;
#1720 = CARTESIAN_POINT ( 'NONE',  ( 96.58000000000002672, -33.07213933207224699, -28.00000000000000000 ) ) ;
#1721 = AXIS2_PLACEMENT_3D ( 'NONE', #2907, #1786, #2845 ) ;
#1722 = LINE ( 'NONE', #2983, #3272 ) ;
#1723 = DIRECTION ( 'NONE',  ( -0.000000000000000000, -1.000000000000000000, -0.000000000000000000 ) ) ;
#1724 = DIRECTION ( 'NONE',  ( -2.365532012695647203E-16, 1.000000000000000000, 0.000000000000000000 ) ) ;
#1725 = PLANE ( 'NONE',  #212 ) ;
#1726 = AXIS2_PLACEMENT_3D ( 'NONE', #3151, #1552, #2620 ) ;
#1727 = VERTEX_POINT ( 'NONE', #1865 ) ;
#1728 = VECTOR ( 'NONE', #150, 1000.000000000000000 ) ;
#1729 = DIRECTION ( 'NONE',  ( 1.000000000000000000, -0.000000000000000000, -0.000000000000000000 ) ) ;
#1730 = VECTOR ( 'NONE', #1580, 1000.000000000000000 ) ;
#1731 = ORIENTED_EDGE ( 'NONE', *, *, #2135, .F. ) ;
#1732 = ORIENTED_EDGE ( 'NONE', *, *, #1025, .T. ) ;
#1733 = DIRECTION ( 'NONE',  ( -0.000000000000000000, -0.000000000000000000, -1.000000000000000000 ) ) ;
#1735 = ORIENTED_EDGE ( 'NONE', *, *, #1377, .F. ) ;
#1734 = ADVANCED_FACE ( 'NONE', ( #1106 ), #2160, .F. ) ;
#1736 = EDGE_LOOP ( 'NONE', ( #2295, #1077, #186, #2436 ) ) ;
#1737 = EDGE_CURVE ( 'NONE', #2754, #2057, #2956, .T. ) ;
#1738 = PLANE ( 'NONE',  #1069 ) ;
#1739 = FACE_OUTER_BOUND ( 'NONE', #670, .T. ) ;
#1740 = EDGE_CURVE ( 'NONE', #256, #2562, #2190, .T. ) ;
#1741 = ADVANCED_FACE ( 'NONE', ( #1381 ), #2432, .F. ) ;
#1742 = LINE ( 'NONE', #2794, #1827 ) ;
#1743 = FACE_OUTER_BOUND ( 'NONE', #3071, .T. ) ;
#1744 = CALENDAR_DATE ( 2025, 28, 4 ) ;
#1745 = CARTESIAN_POINT ( 'NONE',  ( 8.750000000000000000, -1.734723475976807094E-15, -32.30000000000000426 ) ) ;
#1746 = ORIENTED_EDGE ( 'NONE', *, *, #1477, .T. ) ;
#1747 = LINE ( 'NONE', #2281, #779 ) ;
#1748 = LINE ( 'NONE', #1506, #2393 ) ;
#1749 = ORIENTED_EDGE ( 'NONE', *, *, #354, .F. ) ;
#1750 = ORIENTED_EDGE ( 'NONE', *, *, #1290, .T. ) ;
#1751 = DIRECTION ( 'NONE',  ( 0.000000000000000000, 1.000000000000000000, 0.000000000000000000 ) ) ;
#1752 = ORIENTED_EDGE ( 'NONE', *, *, #2582, .F. ) ;
#1753 = VERTEX_POINT ( 'NONE', #1917 ) ;
#1754 = CYLINDRICAL_SURFACE ( 'NONE', #2005, 5.000000000000004441 ) ;
#1755 = CARTESIAN_POINT ( 'NONE',  ( 115.5800000000000125, 2.734081900273629440E-14, -28.00000000000000355 ) ) ;
#1756 = FACE_OUTER_BOUND ( 'NONE', #600, .T. ) ;
#1757 = DIRECTION ( 'NONE',  ( 0.000000000000000000, 0.000000000000000000, 1.000000000000000000 ) ) ;
#1758 =( NAMED_UNIT ( * ) PLANE_ANGLE_UNIT ( ) SI_UNIT ( $, .RADIAN. ) );
#1759 = LINE ( 'NONE', #439, #3099 ) ;
#1760 = EDGE_CURVE ( 'NONE', #1196, #167, #1660, .T. ) ;
#1761 = EDGE_CURVE ( 'NONE', #2163, #2179, #2021, .T. ) ;
#1762 = ORIENTED_EDGE ( 'NONE', *, *, #15, .F. ) ;
#1763 = CARTESIAN_POINT ( 'NONE',  ( 73.58000000000002672, 0.000000000000000000, -28.00000000000000355 ) ) ;
#1764 = DIRECTION ( 'NONE',  ( 2.891205793294678326E-16, 1.000000000000000000, 0.000000000000000000 ) ) ;
#1765 = ORIENTED_EDGE ( 'NONE', *, *, #866, .T. ) ;
#1766 = VECTOR ( 'NONE', #1273, 1000.000000000000000 ) ;
#1767 = ORIENTED_EDGE ( 'NONE', *, *, #2876, .F. ) ;
#1768 = AXIS2_PLACEMENT_3D ( 'NONE', #495, #1006, #1588 ) ;
#1769 = CARTESIAN_POINT ( 'NONE',  ( 0.000000000000000000, 3.999999999999998224, -58.00000000000000000 ) ) ;
#1770 = VERTEX_POINT ( 'NONE', #3299 ) ;
#1771 = ORIENTED_EDGE ( 'NONE', *, *, #676, .T. ) ;
#1772 = AXIS2_PLACEMENT_3D ( 'NONE', #579, #1099, #2934 ) ;
#1773 = CARTESIAN_POINT ( 'NONE',  ( 100.0799999999999983, 28.00000000000000000, -36.50000000000000711 ) ) ;
#1774 = LINE ( 'NONE', #1548, #45 ) ;
#1775 = CIRCLE ( 'NONE', #1772, 2.000000000000001776 ) ;
#1776 = DIRECTION ( 'NONE',  ( 0.000000000000000000, 0.000000000000000000, -1.000000000000000000 ) ) ;
#1777 = CARTESIAN_POINT ( 'NONE',  ( 2.999999999999999556, -2.000000000000000000, -56.00000000000000000 ) ) ;
#1778 = ORIENTED_EDGE ( 'NONE', *, *, #2520, .F. ) ;
#1779 = ADVANCED_FACE ( 'NONE', ( #652 ), #2537, .F. ) ;
#1780 = FACE_OUTER_BOUND ( 'NONE', #930, .T. ) ;
#1781 = EDGE_CURVE ( 'NONE', #2751, #1516, #159, .T. ) ;
#1782 = DIRECTION ( 'NONE',  ( 0.000000000000000000, 0.000000000000000000, -1.000000000000000000 ) ) ;
#1783 = ORIENTED_EDGE ( 'NONE', *, *, #1821, .F. ) ;
#1784 = AXIS2_PLACEMENT_3D ( 'NONE', #179, #723, #2677 ) ;
#1785 = VERTEX_POINT ( 'NONE', #897 ) ;
#1786 = DIRECTION ( 'NONE',  ( -0.000000000000000000, 1.000000000000000000, 0.000000000000000000 ) ) ;
#1787 = EDGE_CURVE ( 'NONE', #1994, #3412, #671, .T. ) ;
#1788 = CIRCLE ( 'NONE', #1177, 8.500000000000000000 ) ;
#1789 = VERTEX_POINT ( 'NONE', #2522 ) ;
#1790 = VERTEX_POINT ( 'NONE', #2734 ) ;
#1791 = DIRECTION ( 'NONE',  ( 0.8660254037844381525, 0.000000000000000000, -0.5000000000000008882 ) ) ;
#1792 = CARTESIAN_POINT ( 'NONE',  ( 137.5000000000000000, 28.00000000000000000, -56.00000000000000000 ) ) ;
#1793 = DIRECTION ( 'NONE',  ( -0.000000000000000000, 1.000000000000000000, -0.000000000000000000 ) ) ;
#1794 = DIRECTION ( 'NONE',  ( 0.000000000000000000, 0.000000000000000000, -1.000000000000000000 ) ) ;
#1795 = CARTESIAN_POINT ( 'NONE',  ( 3.000000000000002665, -2.000000000000000000, -28.00000000000003553 ) ) ;
#1796 = EDGE_LOOP ( 'NONE', ( #1544, #2823, #655, #2629 ) ) ;
#1797 = CARTESIAN_POINT ( 'NONE',  ( 8.000000000000039080, -2.000000000000000000, -23.00000000000000355 ) ) ;
#1798 = CYLINDRICAL_SURFACE ( 'NONE', #989, 8.500000000000000000 ) ;
#1799 = EDGE_CURVE ( 'NONE', #2506, #2682, #2231, .T. ) ;
#1800 = EDGE_LOOP ( 'NONE', ( #3313, #1683, #2440, #569 ) ) ;
#1801 = VERTEX_POINT ( 'NONE', #1192 ) ;
#1802 = DIRECTION ( 'NONE',  ( -0.000000000000000000, -1.000000000000000000, -0.000000000000000000 ) ) ;
#1803 = EDGE_CURVE ( 'NONE', #2924, #2797, #1747, .T. ) ;
#1804 = EDGE_CURVE ( 'NONE', #1346, #343, #2330, .T. ) ;
#1805 = ORIENTED_EDGE ( 'NONE', *, *, #1124, .T. ) ;
#1806 = ORIENTED_EDGE ( 'NONE', *, *, #1592, .T. ) ;
#1807 = DIRECTION ( 'NONE',  ( 1.049727191138617956E-16, -0.5150380749100550437, 0.8571673007021117785 ) ) ;
#1808 = CARTESIAN_POINT ( 'NONE',  ( 24.40000000000000568, 28.00000000000000000, -28.00000000000000355 ) ) ;
#1809 = DIRECTION ( 'NONE',  ( 1.049727191138618449E-16, -0.5150380749100544886, 0.8571673007021121116 ) ) ;
#1810 = PERSON_AND_ORGANIZATION ( #1884, #713 ) ;
#1811 = CARTESIAN_POINT ( 'NONE',  ( 41.92999999999999972, 4.000000000000000000, -56.00000000000000000 ) ) ;
#1812 = ORIENTED_EDGE ( 'NONE', *, *, #1677, .T. ) ;
#1813 = DIRECTION ( 'NONE',  ( -0.000000000000000000, 1.000000000000000000, -0.000000000000000000 ) ) ;
#1814 = PLANE ( 'NONE',  #2923 ) ;
#1815 = ORIENTED_EDGE ( 'NONE', *, *, #3008, .T. ) ;
#1816 = PLANE ( 'NONE',  #1387 ) ;
#1817 = CIRCLE ( 'NONE', #2042, 2.000000000000001776 ) ;
#1818 = ORIENTED_EDGE ( 'NONE', *, *, #3189, .T. ) ;
#1819 = EDGE_LOOP ( 'NONE', ( #643, #305, #2878, #2009 ) ) ;
#1820 = DIRECTION ( 'NONE',  ( 1.000000000000000000, 3.061276722312012491E-16, 0.000000000000000000 ) ) ;
#1821 = EDGE_CURVE ( 'NONE', #2572, #601, #111, .T. ) ;
#1822 = LINE ( 'NONE', #2912, #2879 ) ;
#1823 = AXIS2_PLACEMENT_3D ( 'NONE', #2499, #906, #2238 ) ;
#1824 = FACE_OUTER_BOUND ( 'NONE', #2919, .T. ) ;
#1825 = LINE ( 'NONE', #2311, #2370 ) ;
#1826 = ORIENTED_EDGE ( 'NONE', *, *, #3438, .F. ) ;
#1827 = VECTOR ( 'NONE', #153, 1000.000000000000000 ) ;
#1828 = CARTESIAN_POINT ( 'NONE',  ( 10.49258438071939992, -2.000000000000000000, -26.89370087170925672 ) ) ;
#1829 = DIRECTION ( 'NONE',  ( 0.000000000000000000, 0.000000000000000000, 1.000000000000000000 ) ) ;
#1830 = AXIS2_PLACEMENT_3D ( 'NONE', #2285, #429, #3315 ) ;
#1831 = ORIENTED_EDGE ( 'NONE', *, *, #911, .F. ) ;
#1832 = VECTOR ( 'NONE', #128, 1000.000000000000000 ) ;
#1833 = FACE_OUTER_BOUND ( 'NONE', #2115, .T. ) ;
#1834 = ORIENTED_EDGE ( 'NONE', *, *, #2902, .T. ) ;
#1835 = ORIENTED_EDGE ( 'NONE', *, *, #2159, .T. ) ;
#1836 = CIRCLE ( 'NONE', #564, 2.000000000000001776 ) ;
#1837 = DIRECTION ( 'NONE',  ( 0.000000000000000000, -1.000000000000000000, 0.000000000000000000 ) ) ;
#1838 = EDGE_CURVE ( 'NONE', #1159, #1091, #1507, .T. ) ;
#1839 = DIRECTION ( 'NONE',  ( 0.000000000000000000, 0.000000000000000000, 1.000000000000000000 ) ) ;
#1840 = VECTOR ( 'NONE', #2806, 1000.000000000000000 ) ;
#1841 = EDGE_CURVE ( 'NONE', #2299, #1939, #2211, .T. ) ;
#1842 = CARTESIAN_POINT ( 'NONE',  ( 32.90000000000000568, 28.00000000000000000, -56.00000000000000000 ) ) ;
#1843 = CALENDAR_DATE ( 2025, 28, 4 ) ;
#1844 = CARTESIAN_POINT ( 'NONE',  ( 137.5000000000000000, 28.00000000000000000, -56.00000000000000000 ) ) ;
#1845 = EDGE_CURVE ( 'NONE', #1770, #3250, #914, .T. ) ;
#1846 = EDGE_CURVE ( 'NONE', #624, #161, #391, .T. ) ;
#1847 = LINE ( 'NONE', #803, #1107 ) ;
#1848 = DIRECTION ( 'NONE',  ( -0.000000000000000000, 1.000000000000000000, -0.000000000000000000 ) ) ;
#1849 = CARTESIAN_POINT ( 'NONE',  ( 38.27999999999998693, 28.00000000000001066, -56.00000000000000000 ) ) ;
#1850 = EDGE_LOOP ( 'NONE', ( #3310, #895, #1778, #145, #754, #1835, #1348, #2450 ) ) ;
#1851 = DIRECTION ( 'NONE',  ( -0.000000000000000000, 1.000000000000000000, -0.000000000000000000 ) ) ;
#1852 = APPLICATION_CONTEXT ( 'configuration controlled 3d designs of mechanical parts and assemblies' ) ;
#1853 = VERTEX_POINT ( 'NONE', #1468 ) ;
#1854 = VERTEX_POINT ( 'NONE', #1454 ) ;
#1855 = LINE ( 'NONE', #535, #2601 ) ;
#1856 = CARTESIAN_POINT ( 'NONE',  ( 136.5000000000000000, -2.000000000000000000, -38.49258438071941413 ) ) ;
#1857 = CARTESIAN_POINT ( 'NONE',  ( 115.5800000000000125, 0.000000000000000000, -33.00000000000000000 ) ) ;
#1858 = DIRECTION ( 'NONE',  ( 0.000000000000000000, 0.000000000000000000, -1.000000000000000000 ) ) ;
#1859 = LINE ( 'NONE', #2409, #603 ) ;
#1860 = LINE ( 'NONE', #1393, #827 ) ;
#1861 = DIRECTION ( 'NONE',  ( -1.000000000000000000, -2.365532012695643259E-16, 0.000000000000000000 ) ) ;
#1862 = DIRECTION ( 'NONE',  ( -0.000000000000000000, 1.000000000000000000, -0.000000000000000000 ) ) ;
#1863 = EDGE_CURVE ( 'NONE', #2078, #2804, #2, .T. ) ;
#1864 = ORIENTED_EDGE ( 'NONE', *, *, #2819, .T. ) ;
#1865 = CARTESIAN_POINT ( 'NONE',  ( 0.000000000000000000, 28.00000000000000000, -55.99999999999998579 ) ) ;
#1866 = ORIENTED_EDGE ( 'NONE', *, *, #3074, .F. ) ;
#1867 = EDGE_LOOP ( 'NONE', ( #521, #2415, #1749, #447 ) ) ;
#1868 = CARTESIAN_POINT ( 'NONE',  ( 130.7500000000000000, 4.250000000000000000, -31.27500000000000568 ) ) ;
#1869 = CARTESIAN_POINT ( 'NONE',  ( 129.0074156192806072, -2.000000000000000000, -23.00000000000000355 ) ) ;
#1870 = VECTOR ( 'NONE', #2414, 1000.000000000000000 ) ;
#1871 = FACE_OUTER_BOUND ( 'NONE', #3107, .T. ) ;
#1872 = CLOSED_SHELL ( 'NONE', ( #2062, #139, #2060, #2366, #1779, #423, #1205, #2035, #3436, #1572, #3332, #2451, #2640, #1611, #1629, #1741, #1129, #3249, #552, #699, #3130, #2093, #2642, #2411, #378, #1942, #254, #1485, #469, #2391, #2922, #398, #611, #1693, #1652, #1734, #1233, #1121, #3080, #1163, #1716, #846, #3205, #2454, #2687, #1904, #3122, #76, #824, #2243, #2580, #760, #2966, #404, #3028, #1335, #725, #2053, #2809, #2672, #59, #2201, #297, #2900, #98, #1986, #1509, #764, #2092, #468, #3225, #2348, #2353, #1950, #2712, #3407, #2266, #513, #2122, #1065, #1922, #783, #2161, #868, #232, #1369, #512, #200, #746, #3227, #2959, #270, #2240, #1442, #2153, #2565, #1584, #3269, #2121, #1311, #3125, #3290, #2387, #726, #1328, #589 ) ) ;
#1873 = CARTESIAN_POINT ( 'NONE',  ( 91.08000000000002672, 28.00000000000000000, -56.00000000000000000 ) ) ;
#1874 = CARTESIAN_POINT ( 'NONE',  ( 43.93000000000000682, 28.00000000000000000, -36.50000000000000711 ) ) ;
#1875 = CIRCLE ( 'NONE', #1320, 5.000000000000000888 ) ;
#1876 = DIRECTION ( 'NONE',  ( 0.000000000000000000, -1.000000000000000000, 0.000000000000000000 ) ) ;
#1877 = VECTOR ( 'NONE', #309, 1000.000000000000000 ) ;
#1878 = FACE_OUTER_BOUND ( 'NONE', #969, .T. ) ;
#1879 = CARTESIAN_POINT ( 'NONE',  ( 139.5000000000000000, 28.00000000000000000, -56.00000000000000000 ) ) ;
#1880 = EDGE_CURVE ( 'NONE', #2798, #2385, #1176, .T. ) ;
#1881 = ORIENTED_EDGE ( 'NONE', *, *, #717, .T. ) ;
#1882 = EDGE_CURVE ( 'NONE', #857, #2057, #2493, .T. ) ;
#1883 = CARTESIAN_POINT ( 'NONE',  ( 108.5800000000000125, 0.000000000000000000, -36.50000000000000711 ) ) ;
#1884 = PERSON ( 'UNSPECIFIED', 'UNSPECIFIED', 'UNSPECIFIED', ('UNSPECIFIED'), ('UNSPECIFIED'), ('UNSPECIFIED') ) ;
#1885 = AXIS2_PLACEMENT_3D ( 'NONE', #1043, #2091, #775 ) ;
#1886 = ORIENTED_EDGE ( 'NONE', *, *, #464, .T. ) ;
#1887 = AXIS2_PLACEMENT_3D ( 'NONE', #267, #303, #808 ) ;
#1888 = ORIENTED_EDGE ( 'NONE', *, *, #405, .F. ) ;
#1889 = EDGE_CURVE ( 'NONE', #3128, #2693, #3311, .T. ) ;
#1890 = FACE_OUTER_BOUND ( 'NONE', #1668, .T. ) ;
#1891 = DIRECTION ( 'NONE',  ( 1.000000000000000000, 0.000000000000000000, -0.000000000000000000 ) ) ;
#1892 = VECTOR ( 'NONE', #1848, 1000.000000000000000 ) ;
#1893 = CARTESIAN_POINT ( 'NONE',  ( 68.58000000000001251, 4.000000000000002665, -56.00000000000000000 ) ) ;
#1894 = ORIENTED_EDGE ( 'NONE', *, *, #2607, .T. ) ;
#1895 = AXIS2_PLACEMENT_3D ( 'NONE', #170, #2791, #453 ) ;
#1896 = FACE_OUTER_BOUND ( 'NONE', #627, .T. ) ;
#1897 = CARTESIAN_POINT ( 'NONE',  ( 3.000000000000002665, -2.000000000000000000, -38.49258438071942123 ) ) ;
#1898 = AXIS2_PLACEMENT_3D ( 'NONE', #307, #1048, #2420 ) ;
#1899 = CARTESIAN_POINT ( 'NONE',  ( 12.43943481657403005, -2.000000000000000000, -23.52165700207143573 ) ) ;
#1900 = CARTESIAN_POINT ( 'NONE',  ( 66.58000000000001251, 0.000000000000000000, -56.00000000000000000 ) ) ;
#1901 = DIRECTION ( 'NONE',  ( 1.000000000000000000, 0.000000000000000000, -0.000000000000000000 ) ) ;
#1902 = VERTEX_POINT ( 'NONE', #3329 ) ;
#1903 = CARTESIAN_POINT ( 'NONE',  ( 120.5800000000000267, 4.000000000000015099, -33.00000000000000000 ) ) ;
#1904 = ADVANCED_FACE ( 'NONE', ( #2785 ), #2006, .F. ) ;
#1905 = ORIENTED_EDGE ( 'NONE', *, *, #683, .T. ) ;
#1906 = VERTEX_POINT ( 'NONE', #1024 ) ;
#1907 = CYLINDRICAL_SURFACE ( 'NONE', #278, 5.000000000000004441 ) ;
#1908 = DIRECTION ( 'NONE',  ( -3.145464145016877167E-16, 1.000000000000000000, -0.000000000000000000 ) ) ;
#1909 = EDGE_CURVE ( 'NONE', #272, #2046, #1505, .T. ) ;
#1910 = ORIENTED_EDGE ( 'NONE', *, *, #313, .F. ) ;
#1911 = DIRECTION ( 'NONE',  ( 0.000000000000000000, 0.000000000000000000, -1.000000000000000000 ) ) ;
#1912 = CARTESIAN_POINT ( 'NONE',  ( 0.000000000000000000, 28.00000000000000000, -16.99999999999997868 ) ) ;
#1913 = CARTESIAN_POINT ( 'NONE',  ( 120.5800000000000409, -33.07213933207223988, -28.00000000000000355 ) ) ;
#1914 = DIRECTION ( 'NONE',  ( 0.000000000000000000, 0.000000000000000000, -1.000000000000000000 ) ) ;
#1915 = CARTESIAN_POINT ( 'NONE',  ( 108.5800000000000125, 3.999999999999995559, -28.00000000000000355 ) ) ;
#1916 = ORIENTED_EDGE ( 'NONE', *, *, #269, .F. ) ;
#1917 = CARTESIAN_POINT ( 'NONE',  ( 70.07999999999999829, 28.00000000000000000, -58.00000000000000000 ) ) ;
#1918 = ORIENTED_EDGE ( 'NONE', *, *, #1028, .F. ) ;
#1919 = EDGE_LOOP ( 'NONE', ( #201, #3246, #1207 ) ) ;
#1920 = DIRECTION ( 'NONE',  ( 0.000000000000000000, 0.000000000000000000, 1.000000000000000000 ) ) ;
#1921 = LINE ( 'NONE', #1244, #2782 ) ;
#1922 = ADVANCED_FACE ( 'NONE', ( #1780 ), #3155, .T. ) ;
#1923 = EDGE_LOOP ( 'NONE', ( #239, #3395, #2024 ) ) ;
#1924 = EDGE_CURVE ( 'NONE', #1853, #847, #2937, .T. ) ;
#1925 = DIRECTION ( 'NONE',  ( 1.000000000000000000, 0.000000000000000000, -0.000000000000000000 ) ) ;
#1926 = FACE_OUTER_BOUND ( 'NONE', #1126, .T. ) ;
#1927 = CIRCLE ( 'NONE', #816, 2.000000000000001776 ) ;
#1928 = DIRECTION ( 'NONE',  ( -2.891205793294678326E-16, -1.000000000000000000, 0.000000000000000000 ) ) ;
#1929 = CARTESIAN_POINT ( 'NONE',  ( 94.58000000000002672, 28.00000000000002132, -56.00000000000000000 ) ) ;
#1930 = CARTESIAN_POINT ( 'NONE',  ( 135.9783429979285643, -2.000000000000000000, -40.43943481657404249 ) ) ;
#1931 = VERTEX_POINT ( 'NONE', #1763 ) ;
#1932 = ORIENTED_EDGE ( 'NONE', *, *, #1170, .F. ) ;
#1933 = DIRECTION ( 'NONE',  ( -0.000000000000000000, -1.000000000000000000, -0.000000000000000000 ) ) ;
#1934 = EDGE_LOOP ( 'NONE', ( #2766, #1783, #639, #163 ) ) ;
#1935 = ORIENTED_EDGE ( 'NONE', *, *, #2776, .F. ) ;
#1936 = CARTESIAN_POINT ( 'NONE',  ( 36.27999999999999403, 0.000000000000000000, -28.00000000000020250 ) ) ;
#1937 = CARTESIAN_POINT ( 'NONE',  ( 136.5000000000000000, -2.000000000000000000, -58.00000000000000000 ) ) ;
#1938 = AXIS2_PLACEMENT_3D ( 'NONE', #1561, #1261, #3422 ) ;
#1939 = VERTEX_POINT ( 'NONE', #2854 ) ;
#1940 = AXIS2_PLACEMENT_3D ( 'NONE', #1277, #1307, #3367 ) ;
#1941 = CARTESIAN_POINT ( 'NONE',  ( 94.57999999999999829, 0.000000000000000000, -58.00000000000000000 ) ) ;
#1942 = ADVANCED_FACE ( 'NONE', ( #3124 ), #1539, .F. ) ;
#1943 = DIRECTION ( 'NONE',  ( -0.000000000000000000, -1.000000000000000000, -0.000000000000000000 ) ) ;
#1944 = CARTESIAN_POINT ( 'NONE',  ( 13.90000000000000568, 28.00000000000000000, -58.00000000000000000 ) ) ;
#1945 = LINE ( 'NONE', #2744, #2835 ) ;
#1946 = APPROVAL_DATE_TIME ( #892, #2222 ) ;
#1947 = VECTOR ( 'NONE', #2442, 1000.000000000000000 ) ;
#1948 = CARTESIAN_POINT ( 'NONE',  ( 131.4999999999999716, 0.000000000000000000, -23.00000000000000000 ) ) ;
#1949 = EDGE_CURVE ( 'NONE', #3127, #2869, #1336, .T. ) ;
#1950 = ADVANCED_FACE ( 'NONE', ( #2362 ), #2037, .F. ) ;
#1951 = VERTEX_POINT ( 'NONE', #1797 ) ;
#1952 = CIRCLE ( 'NONE', #3180, 2.000000000000001776 ) ;
#1953 = CARTESIAN_POINT ( 'NONE',  ( 13.89999999999999858, 3.999999999999996447, -56.00000000000000000 ) ) ;
#1954 = ORIENTED_EDGE ( 'NONE', *, *, #638, .T. ) ;
#1955 = EDGE_LOOP ( 'NONE', ( #744, #141, #72, #140 ) ) ;
#1956 = FACE_OUTER_BOUND ( 'NONE', #1113, .T. ) ;
#1957 = CARTESIAN_POINT ( 'NONE',  ( 12.27999999999999758, 0.000000000000000000, -33.00000000000000000 ) ) ;
#1958 = ORIENTED_EDGE ( 'NONE', *, *, #185, .F. ) ;
#1959 = ORIENTED_EDGE ( 'NONE', *, *, #2306, .T. ) ;
#1960 = DIRECTION ( 'NONE',  ( 0.000000000000000000, 0.000000000000000000, -1.000000000000000000 ) ) ;
#1961 = FACE_OUTER_BOUND ( 'NONE', #2896, .T. ) ;
#1962 = DIRECTION ( 'NONE',  ( -1.000000000000000000, 0.000000000000000000, 0.000000000000000000 ) ) ;
#1963 = CARTESIAN_POINT ( 'NONE',  ( 12.43943481657403005, -2.000000000000000000, -23.52165700207143573 ) ) ;
#1964 = PERSON_AND_ORGANIZATION_ROLE ( 'design_owner' ) ;
#1965 = LINE ( 'NONE', #702, #1491 ) ;
#1966 = ORIENTED_EDGE ( 'NONE', *, *, #313, .T. ) ;
#1967 = DIRECTION ( 'NONE',  ( 0.000000000000000000, 0.000000000000000000, 1.000000000000000000 ) ) ;
#1968 = EDGE_CURVE ( 'NONE', #2381, #595, #755, .T. ) ;
#1969 = ORIENTED_EDGE ( 'NONE', *, *, #636, .T. ) ;
#1970 = EDGE_LOOP ( 'NONE', ( #1525, #2495, #640, #745 ) ) ;
#1971 = LINE ( 'NONE', #2250, #947 ) ;
#1972 = VERTEX_POINT ( 'NONE', #2609 ) ;
#1973 = ORIENTED_EDGE ( 'NONE', *, *, #1232, .F. ) ;
#1974 = CARTESIAN_POINT ( 'NONE',  ( 134.5000000000000000, 0.000000000000000000, -56.00000000000000000 ) ) ;
#1975 = DIRECTION ( 'NONE',  ( -2.365532012695647203E-16, 1.000000000000000000, 0.000000000000000000 ) ) ;
#1976 = DIRECTION ( 'NONE',  ( -0.000000000000000000, 1.000000000000000000, -0.000000000000000000 ) ) ;
#1977 = CARTESIAN_POINT ( 'NONE',  ( 10.27999999999999581, 3.999999999999999112, -58.00000000000000000 ) ) ;
#1978 = LINE ( 'NONE', #3044, #2815 ) ;
#1979 = CARTESIAN_POINT ( 'NONE',  ( 139.5000000000000000, 28.00000000000000000, -15.00000000000000000 ) ) ;
#1980 = AXIS2_PLACEMENT_3D ( 'NONE', #528, #1295, #2574 ) ;
#1981 = ORIENTED_EDGE ( 'NONE', *, *, #1023, .F. ) ;
#1982 = CIRCLE ( 'NONE', #491, 8.500000000000000000 ) ;
#1983 = CARTESIAN_POINT ( 'NONE',  ( 139.5000000000000000, -2.000000000000000000, -58.00000000000000000 ) ) ;
#1984 = EDGE_CURVE ( 'NONE', #1589, #3260, #894, .T. ) ;
#1985 = VECTOR ( 'NONE', #3171, 1000.000000000000000 ) ;
#1986 = ADVANCED_FACE ( 'NONE', ( #2058 ), #3174, .F. ) ;
#1987 = ORIENTED_EDGE ( 'NONE', *, *, #3234, .F. ) ;
#1988 = VERTEX_POINT ( 'NONE', #3418 ) ;
#1989 = CARTESIAN_POINT ( 'NONE',  ( 0.000000000000000000, 28.00000000000000000, -56.00000000000000000 ) ) ;
#1990 = CIRCLE ( 'NONE', #1000, 2.000000000000000000 ) ;
#1991 = EDGE_CURVE ( 'NONE', #2526, #2575, #462, .T. ) ;
#1992 = EDGE_CURVE ( 'NONE', #1332, #1658, #2870, .T. ) ;
#1993 = ORIENTED_EDGE ( 'NONE', *, *, #75, .T. ) ;
#1994 = VERTEX_POINT ( 'NONE', #984 ) ;
#1995 = DIRECTION ( 'NONE',  ( 0.000000000000000000, 0.000000000000000000, 1.000000000000000000 ) ) ;
#1996 = AXIS2_PLACEMENT_3D ( 'NONE', #2643, #1802, #2593 ) ;
#1997 = DIRECTION ( 'NONE',  ( 1.000000000000000000, 3.469446951953616161E-16, 0.000000000000000000 ) ) ;
#1998 = AXIS2_PLACEMENT_3D ( 'NONE', #234, #771, #1523 ) ;
#1999 = CARTESIAN_POINT ( 'NONE',  ( 96.57999999999999829, 0.000000000000000000, -56.00000000000000000 ) ) ;
#2000 = DIRECTION ( 'NONE',  ( -0.000000000000000000, 1.000000000000000000, 0.000000000000000000 ) ) ;
#2001 = FACE_OUTER_BOUND ( 'NONE', #520, .T. ) ;
#2002 = ORIENTED_EDGE ( 'NONE', *, *, #2135, .T. ) ;
#2003 = VECTOR ( 'NONE', #1690, 1000.000000000000000 ) ;
#2004 = ORIENTED_EDGE ( 'NONE', *, *, #3339, .F. ) ;
#2005 = AXIS2_PLACEMENT_3D ( 'NONE', #2598, #3343, #3360 ) ;
#2006 = PLANE ( 'NONE',  #2274 ) ;
#2007 = AXIS2_PLACEMENT_3D ( 'NONE', #445, #2216, #2976 ) ;
#2008 = ORIENTED_EDGE ( 'NONE', *, *, #3442, .F. ) ;
#2009 = ORIENTED_EDGE ( 'NONE', *, *, #2599, .T. ) ;
#2010 = DIRECTION ( 'NONE',  ( 0.000000000000000000, 0.000000000000000000, -1.000000000000000000 ) ) ;
#2011 = VERTEX_POINT ( 'NONE', #494 ) ;
#2012 = VERTEX_POINT ( 'NONE', #1005 ) ;
#2013 = DIRECTION ( 'NONE',  ( 2.365532012695647203E-16, -1.000000000000000000, -0.000000000000000000 ) ) ;
#2014 = EDGE_CURVE ( 'NONE', #2856, #1467, #2557, .T. ) ;
#2015 = CARTESIAN_POINT ( 'NONE',  ( 130.7500000000000000, -1.734723475976807094E-15, -32.30000000000000426 ) ) ;
#2016 = CARTESIAN_POINT ( 'NONE',  ( 40.43000000000001393, -33.07213933207226120, -33.00000000000000000 ) ) ;
#2017 = DIRECTION ( 'NONE',  ( 0.000000000000000000, 0.000000000000000000, 1.000000000000000000 ) ) ;
#2018 = APPLICATION_PROTOCOL_DEFINITION ( 'international standard', 'config_control_design', 1994, #1852 ) ;
#2019 = DIRECTION ( 'NONE',  ( -0.000000000000000000, -0.000000000000000000, -1.000000000000000000 ) ) ;
#2020 = ORIENTED_EDGE ( 'NONE', *, *, #2514, .F. ) ;
#2021 = LINE ( 'NONE', #3086, #1613 ) ;
#2022 = FACE_OUTER_BOUND ( 'NONE', #1418, .T. ) ;
#2023 = ORIENTED_EDGE ( 'NONE', *, *, #2258, .F. ) ;
#2024 = ORIENTED_EDGE ( 'NONE', *, *, #2985, .T. ) ;
#2025 = CARTESIAN_POINT ( 'NONE',  ( 122.5800000000000267, 0.000000000000000000, -56.00000000000000000 ) ) ;
#2026 = ORIENTED_EDGE ( 'NONE', *, *, #2711, .F. ) ;
#2027 = ORIENTED_EDGE ( 'NONE', *, *, #2964, .F. ) ;
#2028 = CARTESIAN_POINT ( 'NONE',  ( -1.258185658006746331E-15, 3.999999999999986233, -58.00000000000000000 ) ) ;
#2029 = EDGE_CURVE ( 'NONE', #2856, #1487, #443, .T. ) ;
#2030 = CARTESIAN_POINT ( 'NONE',  ( 94.57999999999999829, 3.999999999999996447, -56.00000000000000000 ) ) ;
#2031 = EDGE_CURVE ( 'NONE', #1648, #1902, #2088, .T. ) ;
#2032 = CARTESIAN_POINT ( 'NONE',  ( 89.08000000000002672, 0.000000000000000000, -36.50000000000000711 ) ) ;
#2033 = CARTESIAN_POINT ( 'NONE',  ( 8.750000000000000000, -1.734723475976807094E-15, -32.30000000000000426 ) ) ;
#2034 = CARTESIAN_POINT ( 'NONE',  ( 34.90000000000000568, 28.00000000000000000, -56.00000000000000000 ) ) ;
#2035 = ADVANCED_FACE ( 'NONE', ( #2625 ), #248, .T. ) ;
#2036 = ORIENTED_EDGE ( 'NONE', *, *, #3032, .T. ) ;
#2037 = CYLINDRICAL_SURFACE ( 'NONE', #1447, 3.893700871709260269 ) ;
#2038 = LINE ( 'NONE', #1540, #1372 ) ;
#2039 = VERTEX_POINT ( 'NONE', #1100 ) ;
#2040 = AXIS2_PLACEMENT_3D ( 'NONE', #193, #230, #2533 ) ;
#2041 = EDGE_LOOP ( 'NONE', ( #1407, #1038, #1767, #265 ) ) ;
#2042 = AXIS2_PLACEMENT_3D ( 'NONE', #1375, #1137, #1624 ) ;
#2043 = CARTESIAN_POINT ( 'NONE',  ( 52.42999999999999972, 3.999999999999998224, -28.00000000000000355 ) ) ;
#2044 = VECTOR ( 'NONE', #434, 1000.000000000000000 ) ;
#2045 = LOCAL_TIME ( 16, 23, 16.00000000000000000, #2796 ) ;
#2046 = VERTEX_POINT ( 'NONE', #2917 ) ;
#2047 = ORIENTED_EDGE ( 'NONE', *, *, #3361, .T. ) ;
#2048 = AXIS2_PLACEMENT_3D ( 'NONE', #2673, #3414, #28 ) ;
#2049 = PLANE ( 'NONE',  #3288 ) ;
#2050 = DIRECTION ( 'NONE',  ( 0.000000000000000000, 0.000000000000000000, 1.000000000000000000 ) ) ;
#2051 = CIRCLE ( 'NONE', #223, 3.893700871709253164 ) ;
#2052 = PLANE ( 'NONE',  #385 ) ;
#2053 = ADVANCED_FACE ( 'NONE', ( #804 ), #562, .F. ) ;
#2054 = VECTOR ( 'NONE', #292, 1000.000000000000000 ) ;
#2055 = CARTESIAN_POINT ( 'NONE',  ( 130.7500000000000000, 4.250000000000000000, -31.27500000000000568 ) ) ;
#2056 = DIRECTION ( 'NONE',  ( 0.000000000000000000, 0.000000000000000000, -1.000000000000000000 ) ) ;
#2057 = VERTEX_POINT ( 'NONE', #527 ) ;
#2058 = FACE_OUTER_BOUND ( 'NONE', #7, .T. ) ;
#2059 = DIRECTION ( 'NONE',  ( 1.591489427501658389E-16, 1.000000000000000000, -0.000000000000000000 ) ) ;
#2060 = ADVANCED_FACE ( 'NONE', ( #2173 ), #1012, .F. ) ;
#2061 = AXIS2_PLACEMENT_3D ( 'NONE', #2531, #2000, #3025 ) ;
#2062 = ADVANCED_FACE ( 'NONE', ( #1374 ), #452, .F. ) ;
#2063 = VERTEX_POINT ( 'NONE', #2691 ) ;
#2064 = AXIS2_PLACEMENT_3D ( 'NONE', #70, #790, #2658 ) ;
#2065 = VERTEX_POINT ( 'NONE', #300 ) ;
#2066 = CYLINDRICAL_SURFACE ( 'NONE', #1721, 2.000000000000001776 ) ;
#2067 = CIRCLE ( 'NONE', #2500, 8.500000000000000000 ) ;
#2068 = VERTEX_POINT ( 'NONE', #2413 ) ;
#2069 = ORIENTED_EDGE ( 'NONE', *, *, #1400, .F. ) ;
#2070 = DIRECTION ( 'NONE',  ( -0.000000000000000000, -0.000000000000000000, -1.000000000000000000 ) ) ;
#2071 = CARTESIAN_POINT ( 'NONE',  ( 120.5800000000000267, 0.000000000000000000, -56.00000000000000000 ) ) ;
#2072 = CYLINDRICAL_SURFACE ( 'NONE', #3445, 8.500000000000000000 ) ;
#2073 = DIRECTION ( 'NONE',  ( -0.000000000000000000, -0.000000000000000000, -1.000000000000000000 ) ) ;
#2074 = CARTESIAN_POINT ( 'NONE',  ( 10.49258438071939992, -2.000000000000000000, -23.00000000000000355 ) ) ;
#2075 = ORIENTED_EDGE ( 'NONE', *, *, #1337, .T. ) ;
#2076 = DIRECTION ( 'NONE',  ( 0.000000000000000000, -1.000000000000000000, 0.000000000000000000 ) ) ;
#2077 = DIRECTION ( 'NONE',  ( 0.000000000000000000, 0.000000000000000000, -1.000000000000000000 ) ) ;
#2078 = VERTEX_POINT ( 'NONE', #1358 ) ;
#2079 = EDGE_CURVE ( 'NONE', #2130, #3440, #620, .T. ) ;
#2080 = CARTESIAN_POINT ( 'NONE',  ( 0.000000000000000000, 0.000000000000000000, -28.00000000000000355 ) ) ;
#2081 = ORIENTED_EDGE ( 'NONE', *, *, #1924, .F. ) ;
#2082 = ORIENTED_EDGE ( 'NONE', *, *, #2882, .T. ) ;
#2083 = CARTESIAN_POINT ( 'NONE',  ( 0.000000000000000000, 28.00000000000000000, -16.99999999999998224 ) ) ;
#2084 = CARTESIAN_POINT ( 'NONE',  ( 12.27999999999999758, 0.000000000000000000, -28.00000000000039435 ) ) ;
#2085 = CARTESIAN_POINT ( 'NONE',  ( 127.0605651834259788, 0.000000000000000000, -23.52165700207143573 ) ) ;
#2086 = DIRECTION ( 'NONE',  ( -1.000000000000000000, -3.145464145016876674E-16, 0.000000000000000000 ) ) ;
#2087 = VERTEX_POINT ( 'NONE', #1323 ) ;
#2088 = LINE ( 'NONE', #516, #3342 ) ;
#2089 = DIRECTION ( 'NONE',  ( -1.000000000000000000, 1.591489427501658389E-16, 0.000000000000000000 ) ) ;
#2090 = ORIENTED_EDGE ( 'NONE', *, *, #1309, .F. ) ;
#2091 = DIRECTION ( 'NONE',  ( 0.000000000000000000, -1.000000000000000000, 0.000000000000000000 ) ) ;
#2092 = ADVANCED_FACE ( 'NONE', ( #35 ), #840, .F. ) ;
#2093 = ADVANCED_FACE ( 'NONE', ( #316 ), #2953, .F. ) ;
#2094 = CIRCLE ( 'NONE', #207, 4.999999999999997335 ) ;
#2095 = ORIENTED_EDGE ( 'NONE', *, *, #1632, .F. ) ;
#2096 = ORIENTED_EDGE ( 'NONE', *, *, #888, .F. ) ;
#2097 = CIRCLE ( 'NONE', #598, 2.000000000000001776 ) ;
#2098 = CARTESIAN_POINT ( 'NONE',  ( 80.58000000000001251, 28.00000000000000000, -36.50000000000000711 ) ) ;
#2099 = PRODUCT_DEFINITION_FORMATION_WITH_SPECIFIED_SOURCE ( 'ANY', '', #3009, .NOT_KNOWN. ) ;
#2100 = EDGE_CURVE ( 'NONE', #1713, #2895, #2427, .T. ) ;
#2101 = EDGE_CURVE ( 'NONE', #1931, #2385, #2378, .T. ) ;
#2102 = DIRECTION ( 'NONE',  ( 1.000000000000000000, 0.000000000000000000, -0.000000000000000000 ) ) ;
#2103 = VECTOR ( 'NONE', #2689, 1000.000000000000000 ) ;
#2104 = CARTESIAN_POINT ( 'NONE',  ( 32.90000000000000568, 3.999999999999996447, -56.00000000000000000 ) ) ;
#2105 = SECURITY_CLASSIFICATION_LEVEL ( 'unclassified' ) ;
#2106 = LINE ( 'NONE', #786, #1985 ) ;
#2107 = VECTOR ( 'NONE', #2481, 1000.000000000000000 ) ;
#2108 = CARTESIAN_POINT ( 'NONE',  ( 80.58000000000001251, 3.999999999999995559, -36.50000000000000711 ) ) ;
#2109 = DIRECTION ( 'NONE',  ( 0.000000000000000000, 0.000000000000000000, -1.000000000000000000 ) ) ;
#2110 = FACE_OUTER_BOUND ( 'NONE', #860, .T. ) ;
#2111 = VECTOR ( 'NONE', #1751, 1000.000000000000000 ) ;
#2112 = VERTEX_POINT ( 'NONE', #2904 ) ;
#2113 = DIRECTION ( 'NONE',  ( 1.000000000000000000, 3.145464145016877167E-16, 0.000000000000000000 ) ) ;
#2114 = VECTOR ( 'NONE', #3203, 1000.000000000000000 ) ;
#2115 = EDGE_LOOP ( 'NONE', ( #2891, #1473, #2786, #1812, #2647, #565, #157, #1834 ) ) ;
#2116 = EDGE_LOOP ( 'NONE', ( #3403, #10, #3158, #3389 ) ) ;
#2117 = AXIS2_PLACEMENT_3D ( 'NONE', #119, #1168, #1960 ) ;
#2118 = LINE ( 'NONE', #257, #844 ) ;
#2119 = CARTESIAN_POINT ( 'NONE',  ( 136.5000000000000000, -2.000000000000000000, -38.49258438071941413 ) ) ;
#2120 = VECTOR ( 'NONE', #797, 1000.000000000000000 ) ;
#2121 = ADVANCED_FACE ( 'NONE', ( #855 ), #2398, .T. ) ;
#2122 = ADVANCED_FACE ( 'NONE', ( #20 ), #1072, .T. ) ;
#2123 = DIRECTION ( 'NONE',  ( 0.000000000000000000, -0.000000000000000000, -1.000000000000000000 ) ) ;
#2124 = DIRECTION ( 'NONE',  ( 0.000000000000000000, 0.000000000000000000, 1.000000000000000000 ) ) ;
#2125 = LINE ( 'NONE', #2676, #3388 ) ;
#2126 = DIRECTION ( 'NONE',  ( 0.000000000000000000, 1.000000000000000000, 0.000000000000000000 ) ) ;
#2127 = DIRECTION ( 'NONE',  ( -1.000000000000000000, 0.000000000000000000, 1.243529373460076734E-16 ) ) ;
#2128 = ORIENTED_EDGE ( 'NONE', *, *, #1841, .T. ) ;
#2129 = DIRECTION ( 'NONE',  ( -3.145464145016877167E-16, 1.000000000000000000, -0.000000000000000000 ) ) ;
#2130 = VERTEX_POINT ( 'NONE', #1394 ) ;
#2131 = ORIENTED_EDGE ( 'NONE', *, *, #1146, .F. ) ;
#2132 = CYLINDRICAL_SURFACE ( 'NONE', #1399, 5.000000000000000888 ) ;
#2133 = CARTESIAN_POINT ( 'NONE',  ( 72.07999999999999829, 3.999999999999998224, -28.00000000000000355 ) ) ;
#2134 = DIRECTION ( 'NONE',  ( 0.000000000000000000, -1.000000000000000000, 0.000000000000000000 ) ) ;
#2135 = EDGE_CURVE ( 'NONE', #1790, #1089, #1087, .T. ) ;
#2136 = CARTESIAN_POINT ( 'NONE',  ( 94.57999999999999829, 28.00000000000002132, -58.00000000000000000 ) ) ;
#2137 = EDGE_CURVE ( 'NONE', #2509, #1332, #113, .T. ) ;
#2138 = CARTESIAN_POINT ( 'NONE',  ( 91.08000000000002672, 0.000000000000000000, -56.00000000000000000 ) ) ;
#2139 = CARTESIAN_POINT ( 'NONE',  ( 127.0605651834259788, -2.000000000000000000, -23.52165700207143573 ) ) ;
#2140 = DIRECTION ( 'NONE',  ( 0.000000000000000000, 0.000000000000000000, -1.000000000000000000 ) ) ;
#2141 = EDGE_CURVE ( 'NONE', #2695, #1801, #2446, .T. ) ;
#2142 = ORIENTED_EDGE ( 'NONE', *, *, #977, .T. ) ;
#2143 = CARTESIAN_POINT ( 'NONE',  ( 32.90000000000000568, 0.000000000000000000, -28.00000000000000355 ) ) ;
#2144 = ORIENTED_EDGE ( 'NONE', *, *, #2199, .F. ) ;
#2145 = ORIENTED_EDGE ( 'NONE', *, *, #3074, .T. ) ;
#2146 = CARTESIAN_POINT ( 'NONE',  ( 87.58000000000001251, -33.07213933207224699, -33.00000000000000000 ) ) ;
#2147 = LINE ( 'NONE', #1856, #400 ) ;
#2148 = DIRECTION ( 'NONE',  ( -0.000000000000000000, -0.000000000000000000, -1.000000000000000000 ) ) ;
#2149 = ORIENTED_EDGE ( 'NONE', *, *, #252, .T. ) ;
#2150 = CARTESIAN_POINT ( 'NONE',  ( 8.750000000000000000, 0.2500000000000011102, -32.30000000000000426 ) ) ;
#2151 = CARTESIAN_POINT ( 'NONE',  ( 139.5000000000000000, 28.00000000000000000, 0.000000000000000000 ) ) ;
#2152 = AXIS2_PLACEMENT_3D ( 'NONE', #3428, #3187, #1370 ) ;
#2153 = ADVANCED_FACE ( 'NONE', ( #1878 ), #2935, .T. ) ;
#2154 = CARTESIAN_POINT ( 'NONE',  ( 3.000000000000002665, -2.000000000000000000, -28.00000000000003553 ) ) ;
#2155 = AXIS2_PLACEMENT_3D ( 'NONE', #1373, #561, #3429 ) ;
#2156 = CARTESIAN_POINT ( 'NONE',  ( 101.5800000000000125, 2.402907418496238852E-14, -33.00000000000000000 ) ) ;
#2157 = PLANE ( 'NONE',  #767 ) ;
#2158 = ORIENTED_EDGE ( 'NONE', *, *, #3312, .F. ) ;
#2159 = EDGE_CURVE ( 'NONE', #2612, #2784, #228, .T. ) ;
#2160 = CYLINDRICAL_SURFACE ( 'NONE', #2886, 8.500000000000000000 ) ;
#2161 = ADVANCED_FACE ( 'NONE', ( #3254 ), #891, .T. ) ;
#2162 = VECTOR ( 'NONE', #2234, 1000.000000000000000 ) ;
#2163 = VERTEX_POINT ( 'NONE', #1218 ) ;
#2164 = AXIS2_PLACEMENT_3D ( 'NONE', #2972, #3194, #825 ) ;
#2165 = EDGE_LOOP ( 'NONE', ( #3423, #937, #11, #2026 ) ) ;
#2166 = DIRECTION ( 'NONE',  ( -0.000000000000000000, 1.000000000000000000, -0.000000000000000000 ) ) ;
#2167 = LINE ( 'NONE', #1094, #2120 ) ;
#2168 = EDGE_LOOP ( 'NONE', ( #2002, #2209, #427, #3143, #2144, #2836, #2448, #1702 ) ) ;
#2169 = CARTESIAN_POINT ( 'NONE',  ( 52.42999999999999972, 3.999999999999998224, -36.50000000000000711 ) ) ;
#2170 = DIRECTION ( 'NONE',  ( 0.000000000000000000, 0.000000000000000000, 1.000000000000000000 ) ) ;
#2171 = AXIS2_PLACEMENT_3D ( 'NONE', #587, #642, #160 ) ;
#2172 = DIRECTION ( 'NONE',  ( -0.000000000000000000, -1.000000000000000000, -0.000000000000000000 ) ) ;
#2173 = FACE_OUTER_BOUND ( 'NONE', #1919, .T. ) ;
#2174 = CARTESIAN_POINT ( 'NONE',  ( 45.43000000000000682, 0.000000000000000000, -33.00000000000000000 ) ) ;
#2175 = ORIENTED_EDGE ( 'NONE', *, *, #1992, .T. ) ;
#2176 = CARTESIAN_POINT ( 'NONE',  ( -3.154042683594191669E-16, 3.999999999999989786, -28.00000000000000355 ) ) ;
#2177 = EDGE_CURVE ( 'NONE', #3238, #1384, #3010, .T. ) ;
#2178 = ORIENTED_EDGE ( 'NONE', *, *, #2287, .F. ) ;
#2179 = VERTEX_POINT ( 'NONE', #406 ) ;
#2180 = DIRECTION ( 'NONE',  ( 0.000000000000000000, 0.000000000000000000, -1.000000000000000000 ) ) ;
#2181 = CARTESIAN_POINT ( 'NONE',  ( 3.000000000000002665, 0.000000000000000000, -38.49258438071942123 ) ) ;
#2182 = ORIENTED_EDGE ( 'NONE', *, *, #1145, .T. ) ;
#2183 = CARTESIAN_POINT ( 'NONE',  ( 0.000000000000000000, 28.00000000000000000, -58.00000000000000000 ) ) ;
#2184 = DIRECTION ( 'NONE',  ( 0.000000000000000000, 0.000000000000000000, 1.000000000000000000 ) ) ;
#2185 = LINE ( 'NONE', #1448, #2597 ) ;
#2186 = CARTESIAN_POINT ( 'NONE',  ( 130.7500000000000000, -1.734723475976807094E-15, -32.30000000000000426 ) ) ;
#2187 = LINE ( 'NONE', #36, #2872 ) ;
#2188 = LINE ( 'NONE', #1979, #3210 ) ;
#2189 = EDGE_LOOP ( 'NONE', ( #2400, #2722, #1818, #1175 ) ) ;
#2190 = LINE ( 'NONE', #1642, #732 ) ;
#2191 = ORIENTED_EDGE ( 'NONE', *, *, #1041, .T. ) ;
#2192 = EDGE_LOOP ( 'NONE', ( #3351, #374, #3373, #644 ) ) ;
#2193 = EDGE_CURVE ( 'NONE', #2381, #1713, #2989, .T. ) ;
#2194 = CARTESIAN_POINT ( 'NONE',  ( 127.0605651834259788, -2.000000000000000000, -23.52165700207143217 ) ) ;
#2195 = CARTESIAN_POINT ( 'NONE',  ( 8.750000000000000000, 4.250000000000000000, -32.30000000000000426 ) ) ;
#2196 = EDGE_CURVE ( 'NONE', #2695, #497, #3064, .T. ) ;
#2197 = ORIENTED_EDGE ( 'NONE', *, *, #1632, .T. ) ;
#2198 = VERTEX_POINT ( 'NONE', #3294 ) ;
#2199 = EDGE_CURVE ( 'NONE', #3163, #3031, #871, .T. ) ;
#2200 = DIRECTION ( 'NONE',  ( 0.000000000000000000, 0.000000000000000000, -1.000000000000000000 ) ) ;
#2201 = ADVANCED_FACE ( 'NONE', ( #137 ), #667, .F. ) ;
#2202 = DIRECTION ( 'NONE',  ( 1.000000000000000000, 0.000000000000000000, -0.000000000000000000 ) ) ;
#2203 = AXIS2_PLACEMENT_3D ( 'NONE', #2195, #626, #3262 ) ;
#2204 = MANIFOLD_SOLID_BREP ( 'M2.5 Gewindebohrung1', #1872 ) ;
#2205 = CARTESIAN_POINT ( 'NONE',  ( 60.92999999999999972, -1.761611689854447604E-14, -56.00000000000000000 ) ) ;
#2206 = CARTESIAN_POINT ( 'NONE',  ( 66.58000000000002672, -33.07213933207225409, -56.00000000000000000 ) ) ;
#2207 = AXIS2_PLACEMENT_3D ( 'NONE', #3252, #2291, #1497 ) ;
#2208 = DIRECTION ( 'NONE',  ( -0.000000000000000000, 1.000000000000000000, -0.000000000000000000 ) ) ;
#2209 = ORIENTED_EDGE ( 'NONE', *, *, #2449, .T. ) ;
#2210 = VECTOR ( 'NONE', #52, 1000.000000000000000 ) ;
#2211 = LINE ( 'NONE', #2467, #449 ) ;
#2212 = ORIENTED_EDGE ( 'NONE', *, *, #826, .T. ) ;
#2213 = ORIENTED_EDGE ( 'NONE', *, *, #1984, .T. ) ;
#2214 = VECTOR ( 'NONE', #879, 1000.000000000000000 ) ;
#2215 = CARTESIAN_POINT ( 'NONE',  ( 129.0074156192806072, -2.000000000000000000, -23.00000000000000355 ) ) ;
#2216 = DIRECTION ( 'NONE',  ( -0.000000000000000000, 1.000000000000000000, -0.000000000000000000 ) ) ;
#2217 = CIRCLE ( 'NONE', #612, 1.999999999999998224 ) ;
#2218 = VERTEX_POINT ( 'NONE', #351 ) ;
#2219 = ORIENTED_EDGE ( 'NONE', *, *, #544, .T. ) ;
#2220 = DIRECTION ( 'NONE',  ( 0.000000000000000000, 0.000000000000000000, -1.000000000000000000 ) ) ;
#2221 = DIRECTION ( 'NONE',  ( 2.365532012695647203E-16, -1.000000000000000000, -0.000000000000000000 ) ) ;
#2222 = APPROVAL ( #3276, 'UNSPECIFIED' ) ;
#2223 = AXIS2_PLACEMENT_3D ( 'NONE', #4, #2126, #2969 ) ;
#2224 = EDGE_CURVE ( 'NONE', #1511, #651, #686, .T. ) ;
#2225 = DIRECTION ( 'NONE',  ( 0.000000000000000000, 0.000000000000000000, -1.000000000000000000 ) ) ;
#2226 = FACE_OUTER_BOUND ( 'NONE', #2713, .T. ) ;
#2227 = DIRECTION ( 'NONE',  ( 0.000000000000000000, 0.000000000000000000, -1.000000000000000000 ) ) ;
#2228 = CONICAL_SURFACE ( 'NONE', #511, 1.274999999999998357, 0.7853981633974466137 ) ;
#2229 = DIRECTION ( 'NONE',  ( -0.000000000000000000, -1.000000000000000000, -0.000000000000000000 ) ) ;
#2230 = VERTEX_POINT ( 'NONE', #1674 ) ;
#2231 = LINE ( 'NONE', #3280, #3224 ) ;
#2232 = ORIENTED_EDGE ( 'NONE', *, *, #2628, .T. ) ;
#2233 = ORIENTED_EDGE ( 'NONE', *, *, #1880, .F. ) ;
#2234 = DIRECTION ( 'NONE',  ( -0.000000000000000000, -1.000000000000000000, -0.000000000000000000 ) ) ;
#2235 = VERTEX_POINT ( 'NONE', #2729 ) ;
#2236 = ORIENTED_EDGE ( 'NONE', *, *, #291, .F. ) ;
#2237 = CARTESIAN_POINT ( 'NONE',  ( 8.750000000000000000, -1.734723475976807094E-15, -31.02500000000000568 ) ) ;
#2238 = DIRECTION ( 'NONE',  ( 0.000000000000000000, -0.000000000000000000, -1.000000000000000000 ) ) ;
#2239 = LINE ( 'NONE', #1411, #3048 ) ;
#2240 = ADVANCED_FACE ( 'NONE', ( #1412 ), #1200, .T. ) ;
#2241 = CARTESIAN_POINT ( 'NONE',  ( 64.43000000000000682, 0.000000000000000000, -33.00000000000000000 ) ) ;
#2242 = LINE ( 'NONE', #3308, #375 ) ;
#2243 = ADVANCED_FACE ( 'NONE', ( #1743 ), #1187, .F. ) ;
#2244 = CARTESIAN_POINT ( 'NONE',  ( 8.750000000000000000, 4.250000000000000000, -33.32500000000000284 ) ) ;
#2245 = ORIENTED_EDGE ( 'NONE', *, *, #37, .F. ) ;
#2246 = DIRECTION ( 'NONE',  ( -1.000000000000000000, 0.000000000000000000, 0.000000000000000000 ) ) ;
#2247 = EDGE_CURVE ( 'NONE', #3127, #431, #1945, .T. ) ;
#2248 = VERTEX_POINT ( 'NONE', #2241 ) ;
#2249 = VERTEX_POINT ( 'NONE', #1977 ) ;
#2250 = CARTESIAN_POINT ( 'NONE',  ( 117.0800000000000125, 28.00000000000000000, -36.50000000000000711 ) ) ;
#2251 = ORIENTED_EDGE ( 'NONE', *, *, #978, .F. ) ;
#2252 = DIRECTION ( 'NONE',  ( -1.000000000000000000, -2.365532012695647203E-16, 4.625929269271485914E-16 ) ) ;
#2253 = DIRECTION ( 'NONE',  ( 0.000000000000000000, 0.000000000000000000, -1.000000000000000000 ) ) ;
#2254 = FACE_OUTER_BOUND ( 'NONE', #1494, .T. ) ;
#2255 = DIRECTION ( 'NONE',  ( -2.365532012695647203E-16, 1.000000000000000000, 0.000000000000000000 ) ) ;
#2256 = LINE ( 'NONE', #912, #1102 ) ;
#2257 = CIRCLE ( 'NONE', #1980, 8.500000000000000000 ) ;
#2258 = EDGE_CURVE ( 'NONE', #3128, #1790, #944, .T. ) ;
#2259 = ORIENTED_EDGE ( 'NONE', *, *, #2864, .F. ) ;
#2260 = AXIS2_PLACEMENT_3D ( 'NONE', #177, #1537, #421 ) ;
#2261 = CARTESIAN_POINT ( 'NONE',  ( 94.58000000000002672, 3.999999999999996447, -56.00000000000000000 ) ) ;
#2262 = CIRCLE ( 'NONE', #2207, 2.000000000000001776 ) ;
#2263 = ORIENTED_EDGE ( 'NONE', *, *, #2942, .F. ) ;
#2264 = EDGE_CURVE ( 'NONE', #904, #373, #2482, .T. ) ;
#2265 = ORIENTED_EDGE ( 'NONE', *, *, #75, .F. ) ;
#2266 = ADVANCED_FACE ( 'NONE', ( #2226 ), #1706, .T. ) ;
#2267 = CARTESIAN_POINT ( 'NONE',  ( 130.7500000000000000, 4.250000000000000000, -32.30000000000000426 ) ) ;
#2268 = CIRCLE ( 'NONE', #47, 2.000000000000001776 ) ;
#2269 = ORIENTED_EDGE ( 'NONE', *, *, #911, .T. ) ;
#2270 = EDGE_LOOP ( 'NONE', ( #1408, #616, #1935, #1147, #2861, #1732, #1182, #251 ) ) ;
#2271 = CARTESIAN_POINT ( 'NONE',  ( 80.58000000000001251, 3.999999999999995559, -28.00000000000000355 ) ) ;
#2272 = VECTOR ( 'NONE', #1700, 1000.000000000000000 ) ;
#2273 = DIRECTION ( 'NONE',  ( 1.000000000000000000, 0.000000000000000000, -0.000000000000000000 ) ) ;
#2274 = AXIS2_PLACEMENT_3D ( 'NONE', #410, #3069, #216 ) ;
#2275 = CARTESIAN_POINT ( 'NONE',  ( 24.40000000000000568, 0.000000000000000000, -36.50000000000000711 ) ) ;
#2276 = DIRECTION ( 'NONE',  ( -0.000000000000000000, -1.000000000000000000, -0.000000000000000000 ) ) ;
#2277 = PERSON_AND_ORGANIZATION ( #1884, #713 ) ;
#2278 = DIRECTION ( 'NONE',  ( 1.591489427501658389E-16, 1.000000000000000000, -0.000000000000000000 ) ) ;
#2279 = VERTEX_POINT ( 'NONE', #1464 ) ;
#2280 = AXIS2_PLACEMENT_3D ( 'NONE', #940, #608, #82 ) ;
#2281 = CARTESIAN_POINT ( 'NONE',  ( 89.08000000000002672, 28.00000000000000000, -28.00000000000000355 ) ) ;
#2282 = DIRECTION ( 'NONE',  ( 0.000000000000000000, -1.000000000000000000, 0.000000000000000000 ) ) ;
#2283 = ORIENTED_EDGE ( 'NONE', *, *, #2301, .F. ) ;
#2284 = ORIENTED_EDGE ( 'NONE', *, *, #2395, .F. ) ;
#2285 = CARTESIAN_POINT ( 'NONE',  ( 94.58000000000001251, -33.07213933207224699, -56.00000000000000000 ) ) ;
#2286 = EDGE_CURVE ( 'NONE', #1487, #1032, #980, .T. ) ;
#2287 = EDGE_CURVE ( 'NONE', #2249, #2012, #2293, .T. ) ;
#2288 = ORIENTED_EDGE ( 'NONE', *, *, #972, .F. ) ;
#2289 = ORIENTED_EDGE ( 'NONE', *, *, #1761, .T. ) ;
#2290 = CARTESIAN_POINT ( 'NONE',  ( 15.89999999999999680, 3.999999999999998224, -28.00000000000000355 ) ) ;
#2291 = DIRECTION ( 'NONE',  ( 0.000000000000000000, -1.000000000000000000, 0.000000000000000000 ) ) ;
#2292 = LINE ( 'NONE', #2832, #666 ) ;
#2293 = LINE ( 'NONE', #2327, #393 ) ;
#2294 = DIRECTION ( 'NONE',  ( 0.000000000000000000, -1.000000000000000000, 0.000000000000000000 ) ) ;
#2295 = ORIENTED_EDGE ( 'NONE', *, *, #2940, .F. ) ;
#2296 = CARTESIAN_POINT ( 'NONE',  ( 0.000000000000000000, 3.999999999999995559, -58.00000000000000000 ) ) ;
#2297 = FACE_OUTER_BOUND ( 'NONE', #1379, .T. ) ;
#2298 = ORIENTED_EDGE ( 'NONE', *, *, #1225, .F. ) ;
#2299 = VERTEX_POINT ( 'NONE', #2866 ) ;
#2300 = CARTESIAN_POINT ( 'NONE',  ( 1.999999999999999556, 28.00000000000000000, -56.00000000000000000 ) ) ;
#2302 = ORIENTED_EDGE ( 'NONE', *, *, #1651, .T. ) ;
#2301 = EDGE_CURVE ( 'NONE', #2179, #651, #508, .T. ) ;
#2303 = ORIENTED_EDGE ( 'NONE', *, *, #1882, .T. ) ;
#2304 = CARTESIAN_POINT ( 'NONE',  ( 92.58000000000001251, 0.000000000000000000, -33.00000000000000000 ) ) ;
#2305 = DIRECTION ( 'NONE',  ( -0.000000000000000000, 1.000000000000000000, -0.000000000000000000 ) ) ;
#2306 = EDGE_CURVE ( 'NONE', #1790, #2646, #952, .T. ) ;
#2307 = EDGE_CURVE ( 'NONE', #1906, #1191, #752, .T. ) ;
#2308 = CARTESIAN_POINT ( 'NONE',  ( 17.28000000000000114, 0.000000000000000000, -33.00000000000000000 ) ) ;
#2309 = DIRECTION ( 'NONE',  ( 0.000000000000000000, 0.000000000000000000, -1.000000000000000000 ) ) ;
#2310 = APPROVAL_ROLE ( '' ) ;
#2311 = CARTESIAN_POINT ( 'NONE',  ( 100.0799999999999983, 28.00000000000000000, -56.00000000000000000 ) ) ;
#2312 = ORIENTED_EDGE ( 'NONE', *, *, #2514, .T. ) ;
#2313 = CARTESIAN_POINT ( 'NONE',  ( 66.43000000000000682, 28.00000000000001776, -58.00000000000000000 ) ) ;
#2314 = CARTESIAN_POINT ( 'NONE',  ( 137.5000000000000000, 28.00000000000000000, -58.00000000000000000 ) ) ;
#2315 = CONICAL_SURFACE ( 'NONE', #2203, 1.024999999999998135, 1.029744258676653423 ) ;
#2316 = EDGE_LOOP ( 'NONE', ( #1060, #2004, #1686, #1641 ) ) ;
#2317 = ORIENTED_EDGE ( 'NONE', *, *, #1189, .F. ) ;
#2318 = CARTESIAN_POINT ( 'NONE',  ( 131.5000000000000000, 0.000000000000000000, -28.00000000000000000 ) ) ;
#2319 = VECTOR ( 'NONE', #2704, 1000.000000000000000 ) ;
#2320 = ORIENTED_EDGE ( 'NONE', *, *, #3146, .T. ) ;
#2321 = ORIENTED_EDGE ( 'NONE', *, *, #1045, .T. ) ;
#2322 = VECTOR ( 'NONE', #2707, 1000.000000000000000 ) ;
#2323 = CARTESIAN_POINT ( 'NONE',  ( 92.58000000000001251, 4.000000000000007994, -33.00000000000000000 ) ) ;
#2324 = FACE_OUTER_BOUND ( 'NONE', #2316, .T. ) ;
#2325 = LINE ( 'NONE', #2016, #221 ) ;
#2326 = AXIS2_PLACEMENT_3D ( 'NONE', #1312, #2365, #3179 ) ;
#2327 = CARTESIAN_POINT ( 'NONE',  ( 10.27999999999999048, 28.00000000000000355, -58.00000000000000000 ) ) ;
#2328 = DIRECTION ( 'NONE',  ( -0.000000000000000000, -0.000000000000000000, -1.000000000000000000 ) ) ;
#2329 = EDGE_CURVE ( 'NONE', #233, #1696, #1536, .T. ) ;
#2330 = CIRCLE ( 'NONE', #557, 8.500000000000000000 ) ;
#2331 = ORIENTED_EDGE ( 'NONE', *, *, #2406, .T. ) ;
#2332 = DIRECTION ( 'NONE',  ( -0.000000000000000000, 1.000000000000000000, -0.000000000000000000 ) ) ;
#2333 = DIRECTION ( 'NONE',  ( -1.000000000000000000, 0.000000000000000000, 0.000000000000000000 ) ) ;
#2334 = CIRCLE ( 'NONE', #1228, 8.500000000000000000 ) ;
#2335 = ORIENTED_EDGE ( 'NONE', *, *, #2079, .T. ) ;
#2336 = VECTOR ( 'NONE', #2394, 1000.000000000000000 ) ;
#2337 = DIRECTION ( 'NONE',  ( 1.000000000000000000, 7.885106708985500127E-17, 0.000000000000000000 ) ) ;
#2338 = VECTOR ( 'NONE', #968, 1000.000000000000000 ) ;
#2339 = ORIENTED_EDGE ( 'NONE', *, *, #1371, .T. ) ;
#2340 = ORIENTED_EDGE ( 'NONE', *, *, #1512, .T. ) ;
#2341 = CARTESIAN_POINT ( 'NONE',  ( 15.90000000000000391, 28.00000000000000000, -56.00000000000000000 ) ) ;
#2342 = CARTESIAN_POINT ( 'NONE',  ( 52.42999999999999972, -1.515859197424400038E-14, -28.00000000000000355 ) ) ;
#2343 = CARTESIAN_POINT ( 'NONE',  ( 8.750000000000000000, -1.734723475976807094E-15, -32.30000000000000426 ) ) ;
#2344 = DIRECTION ( 'NONE',  ( 0.000000000000000000, 0.000000000000000000, 1.000000000000000000 ) ) ;
#2345 = VERTEX_POINT ( 'NONE', #2585 ) ;
#2346 = EDGE_CURVE ( 'NONE', #3238, #1346, #2334, .T. ) ;
#2347 = DIRECTION ( 'NONE',  ( -0.000000000000000000, 1.000000000000000000, -0.000000000000000000 ) ) ;
#2348 = ADVANCED_FACE ( 'NONE', ( #1824 ), #2552, .F. ) ;
#2349 = CARTESIAN_POINT ( 'NONE',  ( 80.58000000000001251, 0.000000000000000000, -36.50000000000000711 ) ) ;
#2350 = EDGE_LOOP ( 'NONE', ( #440, #461, #3372, #1831 ) ) ;
#2351 = EDGE_CURVE ( 'NONE', #466, #1032, #2774, .T. ) ;
#2352 = LINE ( 'NONE', #519, #2380 ) ;
#2353 = ADVANCED_FACE ( 'NONE', ( #3096 ), #1569, .F. ) ;
#2354 = ORIENTED_EDGE ( 'NONE', *, *, #3145, .F. ) ;
#2355 = ORIENTED_EDGE ( 'NONE', *, *, #573, .T. ) ;
#2356 = FACE_OUTER_BOUND ( 'NONE', #96, .T. ) ;
#2357 = PLANE ( 'NONE',  #268 ) ;
#2358 = CARTESIAN_POINT ( 'NONE',  ( 12.28000000000000647, -33.07213933207226830, -28.00000000000039435 ) ) ;
#2359 = CARTESIAN_POINT ( 'NONE',  ( 17.28000000000000114, 0.000000000000000000, -28.00000000000000355 ) ) ;
#2360 = ORIENTED_EDGE ( 'NONE', *, *, #697, .T. ) ;
#2361 = DIRECTION ( 'NONE',  ( 0.000000000000000000, 0.000000000000000000, -1.000000000000000000 ) ) ;
#2362 = FACE_OUTER_BOUND ( 'NONE', #471, .T. ) ;
#2363 = CARTESIAN_POINT ( 'NONE',  ( 96.58000000000001251, 0.000000000000000000, -28.00000000000000000 ) ) ;
#2364 = ORIENTED_EDGE ( 'NONE', *, *, #486, .F. ) ;
#2365 = DIRECTION ( 'NONE',  ( 0.000000000000000000, -1.000000000000000000, 0.000000000000000000 ) ) ;
#2366 = ADVANCED_FACE ( 'NONE', ( #229 ), #3000, .F. ) ;
#2367 = AXIS2_PLACEMENT_3D ( 'NONE', #1413, #632, #1201 ) ;
#2368 = EDGE_LOOP ( 'NONE', ( #1403, #2466, #2641, #2957 ) ) ;
#2369 = VERTEX_POINT ( 'NONE', #999 ) ;
#2370 = VECTOR ( 'NONE', #1481, 1000.000000000000000 ) ;
#2371 = PLANE ( 'NONE',  #959 ) ;
#2372 = CARTESIAN_POINT ( 'NONE',  ( 6.365957710006634543E-16, 4.000000000000000888, -28.00000000000000355 ) ) ;
#2373 = VECTOR ( 'NONE', #2569, 1000.000000000000000 ) ;
#2374 = FACE_OUTER_BOUND ( 'NONE', #2434, .T. ) ;
#2375 = AXIS2_PLACEMENT_3D ( 'NONE', #3024, #1723, #2779 ) ;
#2376 = CYLINDRICAL_SURFACE ( 'NONE', #715, 2.000000000000001776 ) ;
#2377 = DIRECTION ( 'NONE',  ( -2.891205793294678326E-16, -1.000000000000000000, 0.000000000000000000 ) ) ;
#2378 = LINE ( 'NONE', #262, #896 ) ;
#2379 = CYLINDRICAL_SURFACE ( 'NONE', #994, 1.024999999999998135 ) ;
#2380 = VECTOR ( 'NONE', #3129, 1000.000000000000000 ) ;
#2381 = VERTEX_POINT ( 'NONE', #2604 ) ;
#2382 = AXIS2_PLACEMENT_3D ( 'NONE', #3104, #2076, #1054 ) ;
#2383 = FACE_OUTER_BOUND ( 'NONE', #3068, .T. ) ;
#2384 = AXIS2_PLACEMENT_3D ( 'NONE', #2517, #105, #631 ) ;
#2385 = VERTEX_POINT ( 'NONE', #174 ) ;
#2386 = EDGE_LOOP ( 'NONE', ( #62, #2340, #197, #2232, #1234, #127, #3147, #1805, #983, #2944, #1263, #1305, #932, #3243, #1242, #2765, #675, #168, #619, #1300, #1627, #483, #2527, #1634, #1663, #3131, #1815, #77, #3303, #1526, #2826, #689, #749, #1439, #2973, #3369 ) ) ;
#2387 = ADVANCED_FACE ( 'NONE', ( #768 ), #2228, .F. ) ;
#2388 = CARTESIAN_POINT ( 'NONE',  ( 6.893700871709262934, -2.000000000000000000, -38.49258438071942123 ) ) ;
#2389 = VECTOR ( 'NONE', #1496, 1000.000000000000000 ) ;
#2390 = DIRECTION ( 'NONE',  ( -2.365532012695647203E-16, 1.000000000000000000, 0.000000000000000000 ) ) ;
#2391 = ADVANCED_FACE ( 'NONE', ( #1521 ), #1272, .F. ) ;
#2392 = DIRECTION ( 'NONE',  ( 0.000000000000000000, 0.000000000000000000, 1.000000000000000000 ) ) ;
#2393 = VECTOR ( 'NONE', #2471, 1000.000000000000000 ) ;
#2394 = DIRECTION ( 'NONE',  ( 0.000000000000000000, -1.000000000000000000, 0.000000000000000000 ) ) ;
#2395 = EDGE_CURVE ( 'NONE', #2385, #256, #3345, .T. ) ;
#2396 = DIRECTION ( 'NONE',  ( 0.000000000000000000, 0.000000000000000000, -1.000000000000000000 ) ) ;
#2397 = CYLINDRICAL_SURFACE ( 'NONE', #2155, 8.500000000000000000 ) ;
#2398 = CYLINDRICAL_SURFACE ( 'NONE', #2223, 2.000000000000000000 ) ;
#2399 = CARTESIAN_POINT ( 'NONE',  ( 94.57999999999999829, 0.000000000000000000, -56.00000000000000000 ) ) ;
#2400 = ORIENTED_EDGE ( 'NONE', *, *, #3146, .F. ) ;
#2401 = DIRECTION ( 'NONE',  ( 0.000000000000000000, -1.000000000000000000, 0.000000000000000000 ) ) ;
#2402 = ORIENTED_EDGE ( 'NONE', *, *, #2915, .F. ) ;
#2403 = ORIENTED_EDGE ( 'NONE', *, *, #1184, .T. ) ;
#2404 = DIRECTION ( 'NONE',  ( 1.000000000000000000, 7.885106708985500127E-17, 0.000000000000000000 ) ) ;
#2405 = DIRECTION ( 'NONE',  ( -0.000000000000000000, 1.000000000000000000, -0.000000000000000000 ) ) ;
#2406 = EDGE_CURVE ( 'NONE', #2667, #3211, #2441, .T. ) ;
#2407 = CARTESIAN_POINT ( 'NONE',  ( 0.000000000000000000, 28.00000000000000000, -58.00000000000000000 ) ) ;
#2408 = FACE_OUTER_BOUND ( 'NONE', #3433, .T. ) ;
#2409 = CARTESIAN_POINT ( 'NONE',  ( 119.0800000000000125, 28.00000000000000000, -58.00000000000000000 ) ) ;
#2410 = EDGE_CURVE ( 'NONE', #2853, #531, #963, .T. ) ;
#2411 = ADVANCED_FACE ( 'NONE', ( #2810 ), #437, .F. ) ;
#2412 = DIRECTION ( 'NONE',  ( -7.885106708985501360E-17, 1.000000000000000000, 0.000000000000000000 ) ) ;
#2413 = CARTESIAN_POINT ( 'NONE',  ( 38.43000000000000682, 0.000000000000000000, -58.00000000000019895 ) ) ;
#2414 = DIRECTION ( 'NONE',  ( 2.365532012695647203E-16, -1.000000000000000000, -0.000000000000000000 ) ) ;
#2415 = ORIENTED_EDGE ( 'NONE', *, *, #2346, .F. ) ;
#2416 = CARTESIAN_POINT ( 'NONE',  ( 8.000000000000039080, -2.000000000000000000, -23.00000000000000355 ) ) ;
#2417 = EDGE_LOOP ( 'NONE', ( #570, #390, #500, #130 ) ) ;
#2418 = VERTEX_POINT ( 'NONE', #2899 ) ;
#2419 = DIRECTION ( 'NONE',  ( -2.365532012695647203E-16, 1.000000000000000000, 0.000000000000000000 ) ) ;
#2420 = DIRECTION ( 'NONE',  ( -1.000000000000000000, 0.000000000000000000, 0.000000000000000000 ) ) ;
#2421 = VECTOR ( 'NONE', #2889, 1000.000000000000000 ) ;
#2422 = ORIENTED_EDGE ( 'NONE', *, *, #1226, .F. ) ;
#2423 = LOCAL_TIME ( 16, 23, 16.00000000000000000, #210 ) ;
#2424 = CARTESIAN_POINT ( 'NONE',  ( 32.90000000000000568, 28.00000000000000000, -36.50000000000000711 ) ) ;
#2425 = CARTESIAN_POINT ( 'NONE',  ( 66.58000000000001251, 3.999999999999998224, -58.00000000000000000 ) ) ;
#2426 = DIRECTION ( 'NONE',  ( 0.000000000000000000, 1.000000000000000000, 0.000000000000000000 ) ) ;
#2427 = LINE ( 'NONE', #283, #2554 ) ;
#2428 = DIRECTION ( 'NONE',  ( -0.000000000000000000, 0.000000000000000000, -1.000000000000000000 ) ) ;
#2429 = EDGE_CURVE ( 'NONE', #2506, #1092, #396, .T. ) ;
#2430 = AXIS2_PLACEMENT_3D ( 'NONE', #1499, #3095, #1476 ) ;
#2431 = ORIENTED_EDGE ( 'NONE', *, *, #2864, .T. ) ;
#2432 = PLANE ( 'NONE',  #2606 ) ;
#2433 = VECTOR ( 'NONE', #2525, 1000.000000000000000 ) ;
#2434 = EDGE_LOOP ( 'NONE', ( #917, #2489, #3226, #2772, #551, #2145, #1594, #2213 ) ) ;
#2435 = VECTOR ( 'NONE', #3386, 1000.000000000000000 ) ;
#2436 = ORIENTED_EDGE ( 'NONE', *, *, #31, .F. ) ;
#2437 = DIRECTION ( 'NONE',  ( -1.000000000000000000, 0.000000000000000000, -0.000000000000000000 ) ) ;
#2438 = CARTESIAN_POINT ( 'NONE',  ( 91.08000000000002672, 3.999999999999996447, -56.00000000000000000 ) ) ;
#2439 = AXIS2_PLACEMENT_3D ( 'NONE', #3364, #3380, #2017 ) ;
#2440 = ORIENTED_EDGE ( 'NONE', *, *, #1968, .F. ) ;
#2441 = CIRCLE ( 'NONE', #3003, 5.000000000000004441 ) ;
#2442 = DIRECTION ( 'NONE',  ( 0.000000000000000000, -1.000000000000000000, 0.000000000000000000 ) ) ;
#2443 = DIRECTION ( 'NONE',  ( -0.000000000000000000, 1.000000000000000000, -0.000000000000000000 ) ) ;
#2444 = VECTOR ( 'NONE', #863, 1000.000000000000000 ) ;
#2445 = CARTESIAN_POINT ( 'NONE',  ( 136.5000000000000000, -2.000000000000000000, -38.49258438071941413 ) ) ;
#2446 = LINE ( 'NONE', #1136, #1892 ) ;
#2447 = CARTESIAN_POINT ( 'NONE',  ( 0.000000000000000000, 28.00000000000000000, -58.00000000000000000 ) ) ;
#2448 = ORIENTED_EDGE ( 'NONE', *, *, #1889, .F. ) ;
#2449 = EDGE_CURVE ( 'NONE', #1089, #2526, #3200, .T. ) ;
#2450 = ORIENTED_EDGE ( 'NONE', *, *, #2473, .T. ) ;
#2451 = ADVANCED_FACE ( 'NONE', ( #2374 ), #49, .T. ) ;
#2452 = PLANE ( 'NONE',  #2550 ) ;
#2453 = ORIENTED_EDGE ( 'NONE', *, *, #2753, .T. ) ;
#2454 = ADVANCED_FACE ( 'NONE', ( #1896 ), #1649, .F. ) ;
#2455 = ORIENTED_EDGE ( 'NONE', *, *, #2860, .T. ) ;
#2456 = EDGE_CURVE ( 'NONE', #2971, #2797, #1836, .T. ) ;
#2457 = CARTESIAN_POINT ( 'NONE',  ( 1.999999999999999556, -2.000000000000000000, -58.00000000000015632 ) ) ;
#2458 = PLANE ( 'NONE',  #459 ) ;
#2459 = ORIENTED_EDGE ( 'NONE', *, *, #1063, .F. ) ;
#2460 = LINE ( 'NONE', #921, #1565 ) ;
#2461 = DIRECTION ( 'NONE',  ( -0.000000000000000000, 1.000000000000000000, -0.000000000000000000 ) ) ;
#2462 = CARTESIAN_POINT ( 'NONE',  ( 0.000000000000000000, 28.00000000000000000, 0.000000000000000000 ) ) ;
#2463 = DIRECTION ( 'NONE',  ( -1.000000000000000000, 0.000000000000000000, 0.000000000000000000 ) ) ;
#2464 =( NAMED_UNIT ( * ) SI_UNIT ( $, .STERADIAN. ) SOLID_ANGLE_UNIT ( ) );
#2465 = ORIENTED_EDGE ( 'NONE', *, *, #206, .F. ) ;
#2466 = ORIENTED_EDGE ( 'NONE', *, *, #1417, .T. ) ;
#2467 = CARTESIAN_POINT ( 'NONE',  ( 134.5000000000000000, 0.000000000000000000, -43.00000000000000000 ) ) ;
#2468 = ORIENTED_EDGE ( 'NONE', *, *, #16, .F. ) ;
#2469 = ORIENTED_EDGE ( 'NONE', *, *, #2137, .T. ) ;
#2470 = LINE ( 'NONE', #26, #3278 ) ;
#2471 = DIRECTION ( 'NONE',  ( -0.000000000000000000, 1.000000000000000000, -0.000000000000000000 ) ) ;
#2472 = APPROVAL ( #1570, 'UNSPECIFIED' ) ;
#2473 = EDGE_CURVE ( 'NONE', #1515, #1785, #2067, .T. ) ;
#2474 = ORIENTED_EDGE ( 'NONE', *, *, #1528, .F. ) ;
#2475 = PRODUCT_DEFINITION_SHAPE ( 'NONE', 'NONE',  #1044 ) ;
#2476 = EDGE_LOOP ( 'NONE', ( #2095, #991, #3111, #1062 ) ) ;
#2477 = FACE_OUTER_BOUND ( 'NONE', #3002, .T. ) ;
#2478 = AXIS2_PLACEMENT_3D ( 'NONE', #2659, #581, #2970 ) ;
#2479 = CARTESIAN_POINT ( 'NONE',  ( 117.0800000000000125, 28.00000000000000000, -56.00000000000000000 ) ) ;
#2480 = CIRCLE ( 'NONE', #1768, 2.000000000000001776 ) ;
#2481 = DIRECTION ( 'NONE',  ( -0.000000000000000000, 1.000000000000000000, -0.000000000000000000 ) ) ;
#2482 = LINE ( 'NONE', #419, #3059 ) ;
#2483 =( LENGTH_UNIT ( ) NAMED_UNIT ( * ) SI_UNIT ( .MILLI., .METRE. ) );
#2484 = VECTOR ( 'NONE', #1534, 1000.000000000000000 ) ;
#2485 = ORIENTED_EDGE ( 'NONE', *, *, #3312, .T. ) ;
#2486 = ORIENTED_EDGE ( 'NONE', *, *, #3297, .T. ) ;
#2487 = VECTOR ( 'NONE', #2172, 1000.000000000000000 ) ;
#2488 = DIRECTION ( 'NONE',  ( -1.591489427501658389E-16, -1.000000000000000000, 0.000000000000000000 ) ) ;
#2489 = ORIENTED_EDGE ( 'NONE', *, *, #781, .T. ) ;
#2490 = ORIENTED_EDGE ( 'NONE', *, *, #2882, .F. ) ;
#2491 = AXIS2_PLACEMENT_3D ( 'NONE', #2318, #1851, #1029 ) ;
#2492 = CYLINDRICAL_SURFACE ( 'NONE', #1830, 2.000000000000001776 ) ;
#2493 = CIRCLE ( 'NONE', #55, 2.000000000000001776 ) ;
#2494 = EDGE_CURVE ( 'NONE', #951, #2087, #1231, .T. ) ;
#2495 = ORIENTED_EDGE ( 'NONE', *, *, #574, .F. ) ;
#2496 = EDGE_CURVE ( 'NONE', #371, #1939, #3186, .T. ) ;
#2497 = VECTOR ( 'NONE', #85, 1000.000000000000000 ) ;
#2498 = CARTESIAN_POINT ( 'NONE',  ( 0.000000000000000000, 3.999999999999998224, -28.00000000000000355 ) ) ;
#2499 = CARTESIAN_POINT ( 'NONE',  ( 0.000000000000000000, 0.000000000000000000, 0.000000000000000000 ) ) ;
#2500 = AXIS2_PLACEMENT_3D ( 'NONE', #2169, #837, #1911 ) ;
#2501 = EDGE_CURVE ( 'NONE', #2524, #2762, #538, .T. ) ;
#2502 = DIRECTION ( 'NONE',  ( -0.000000000000000000, -0.000000000000000000, -1.000000000000000000 ) ) ;
#2503 = CARTESIAN_POINT ( 'NONE',  ( 120.5800000000000409, -33.07213933207223988, -33.00000000000000000 ) ) ;
#2504 = AXIS2_PLACEMENT_3D ( 'NONE', #3400, #1254, #2309 ) ;
#2505 = EDGE_LOOP ( 'NONE', ( #2081, #1154, #1293, #2236 ) ) ;
#2506 = VERTEX_POINT ( 'NONE', #1303 ) ;
#2507 = CARTESIAN_POINT ( 'NONE',  ( 0.000000000000000000, 3.999999999999998224, -28.00000000000000355 ) ) ;
#2508 = ORIENTED_EDGE ( 'NONE', *, *, #1080, .F. ) ;
#2509 = VERTEX_POINT ( 'NONE', #2653 ) ;
#2510 = FACE_OUTER_BOUND ( 'NONE', #877, .T. ) ;
#2511 = EDGE_LOOP ( 'NONE', ( #3182, #2142, #913, #477, #1644, #3029, #1750, #1612, #214, #1522, #3102, #2696, #2631, #2595, #2321, #2469, #2925, #2335, #692, #2616, #809, #2219, #1625, #2355, #2486, #2320, #1993, #822, #1771, #90, #958, #1731, #1959, #1246, #1042, #1423, #2263, #1388, #255, #1031, #302, #451, #748, #2283, #3283, #1643, #1888, #1910, #2020, #1188, #518 ) ) ;
#2512 = VERTEX_POINT ( 'NONE', #590 ) ;
#2513 = DIRECTION ( 'NONE',  ( 0.000000000000000000, -1.000000000000000000, 0.000000000000000000 ) ) ;
#2514 = EDGE_CURVE ( 'NONE', #3250, #1275, #524, .T. ) ;
#2515 = CARTESIAN_POINT ( 'NONE',  ( 72.07999999999999829, 28.00000000000000000, -28.00000000000000355 ) ) ;
#2516 = DIRECTION ( 'NONE',  ( 0.000000000000000000, 0.000000000000000000, -1.000000000000000000 ) ) ;
#2517 = CARTESIAN_POINT ( 'NONE',  ( 6.893700871709262934, -2.000000000000000000, -38.49258438071942123 ) ) ;
#2518 = DIRECTION ( 'NONE',  ( -0.000000000000000000, 0.000000000000000000, 1.000000000000000000 ) ) ;
#2519 = CC_DESIGN_DATE_AND_TIME_ASSIGNMENT ( #1479, #125, ( #1044 ) ) ;
#2520 = EDGE_CURVE ( 'NONE', #1658, #2345, #2931, .T. ) ;
#2521 = ORIENTED_EDGE ( 'NONE', *, *, #908, .F. ) ;
#2522 = CARTESIAN_POINT ( 'NONE',  ( 40.43000000000000682, 3.999999999999995559, -56.00000000000000000 ) ) ;
#2523 = ORIENTED_EDGE ( 'NONE', *, *, #100, .F. ) ;
#2524 = VERTEX_POINT ( 'NONE', #558 ) ;
#2525 = DIRECTION ( 'NONE',  ( -1.000000000000000000, 0.000000000000000000, 0.000000000000000000 ) ) ;
#2526 = VERTEX_POINT ( 'NONE', #1340 ) ;
#2527 = ORIENTED_EDGE ( 'NONE', *, *, #2177, .F. ) ;
#2528 = CARTESIAN_POINT ( 'NONE',  ( 96.58000000000002672, -33.07213933207224699, -33.00000000000000000 ) ) ;
#2529 = DIRECTION ( 'NONE',  ( -2.891205793294678326E-16, -1.000000000000000000, 0.000000000000000000 ) ) ;
#2530 = DIRECTION ( 'NONE',  ( -7.885106708985501360E-17, 1.000000000000000000, 0.000000000000000000 ) ) ;
#2531 = CARTESIAN_POINT ( 'NONE',  ( 70.07999999999999829, 28.00000000000000000, -56.00000000000000000 ) ) ;
#2532 = DIRECTION ( 'NONE',  ( -0.000000000000000000, 1.000000000000000000, -0.000000000000000000 ) ) ;
#2533 = DIRECTION ( 'NONE',  ( 0.000000000000000000, 0.000000000000000000, -1.000000000000000000 ) ) ;
#2534 = VECTOR ( 'NONE', #841, 1000.000000000000000 ) ;
#2535 = VERTEX_POINT ( 'NONE', #2104 ) ;
#2536 = VECTOR ( 'NONE', #2745, 1000.000000000000000 ) ;
#2537 = CYLINDRICAL_SURFACE ( 'NONE', #2770, 1.024999999999998135 ) ;
#2538 = EDGE_CURVE ( 'NONE', #1139, #466, #3170, .T. ) ;
#2539 = CARTESIAN_POINT ( 'NONE',  ( 68.58000000000002672, -33.07213933207225409, -28.00000000000000355 ) ) ;
#2540 = AXIS2_PLACEMENT_3D ( 'NONE', #1519, #2831, #1997 ) ;
#2541 = ORIENTED_EDGE ( 'NONE', *, *, #1251, .F. ) ;
#2542 = EDGE_LOOP ( 'NONE', ( #2128, #1607, #1538, #1698 ) ) ;
#2543 = CARTESIAN_POINT ( 'NONE',  ( 117.0800000000000125, 0.000000000000000000, -28.00000000000000355 ) ) ;
#2544 = CIRCLE ( 'NONE', #942, 4.999999999999997335 ) ;
#2545 = EDGE_LOOP ( 'NONE', ( #2958, #2873, #392, #2047 ) ) ;
#2546 = ORIENTED_EDGE ( 'NONE', *, *, #3016, .T. ) ;
#2547 = CARTESIAN_POINT ( 'NONE',  ( 13.89999999999999858, 3.999999999999996447, -58.00000000000000000 ) ) ;
#2548 = AXIS2_PLACEMENT_3D ( 'NONE', #1684, #849, #571 ) ;
#2549 = DIRECTION ( 'NONE',  ( 0.000000000000000000, 0.000000000000000000, -1.000000000000000000 ) ) ;
#2550 = AXIS2_PLACEMENT_3D ( 'NONE', #2143, #39, #74 ) ;
#2551 = DIRECTION ( 'NONE',  ( -0.000000000000000000, 1.000000000000000000, -0.000000000000000000 ) ) ;
#2552 = CYLINDRICAL_SURFACE ( 'NONE', #3228, 5.000000000000000888 ) ;
#2553 = DIRECTION ( 'NONE',  ( 3.145464145016877167E-16, -1.000000000000000000, 0.000000000000000000 ) ) ;
#2554 = VECTOR ( 'NONE', #1118, 1000.000000000000000 ) ;
#2555 = ORIENTED_EDGE ( 'NONE', *, *, #1697, .F. ) ;
#2556 = AXIS2_PLACEMENT_3D ( 'NONE', #577, #311, #784 ) ;
#2557 = LINE ( 'NONE', #742, #3116 ) ;
#2558 = DIRECTION ( 'NONE',  ( -1.000000000000000000, 2.891205793294679312E-16, 0.000000000000000000 ) ) ;
#2559 = EDGE_CURVE ( 'NONE', #338, #2130, #259, .T. ) ;
#2560 = CIRCLE ( 'NONE', #902, 2.000000000000001776 ) ;
#2561 = EDGE_LOOP ( 'NONE', ( #919, #1667, #1905, #2723, #550 ) ) ;
#2562 = VERTEX_POINT ( 'NONE', #2950 ) ;
#2563 = DIRECTION ( 'NONE',  ( -0.000000000000000000, 1.000000000000000000, -0.000000000000000000 ) ) ;
#2564 = EDGE_CURVE ( 'NONE', #904, #3250, #2965, .T. ) ;
#2565 = ADVANCED_FACE ( 'NONE', ( #2408 ), #30, .T. ) ;
#2566 = ORIENTED_EDGE ( 'NONE', *, *, #1760, .T. ) ;
#2567 = EDGE_LOOP ( 'NONE', ( #3017, #3162, #1866, #883 ) ) ;
#2568 = LINE ( 'NONE', #975, #3402 ) ;
#2569 = DIRECTION ( 'NONE',  ( 2.365532012695647203E-16, -1.000000000000000000, -0.000000000000000000 ) ) ;
#2570 = DIRECTION ( 'NONE',  ( 1.000000000000000000, 0.000000000000000000, -0.000000000000000000 ) ) ;
#2571 = DIRECTION ( 'NONE',  ( 8.659560562354888485E-17, -0.7071067811865512365, 0.7071067811865439090 ) ) ;
#2572 = VERTEX_POINT ( 'NONE', #2424 ) ;
#2573 = CARTESIAN_POINT ( 'NONE',  ( 108.5800000000000125, 3.999999999999995559, -36.50000000000000711 ) ) ;
#2574 = DIRECTION ( 'NONE',  ( 1.000000000000000000, 3.061276722312012491E-16, 0.000000000000000000 ) ) ;
#2575 = VERTEX_POINT ( 'NONE', #3239 ) ;
#2576 = VERTEX_POINT ( 'NONE', #1842 ) ;
#2577 = LINE ( 'NONE', #1591, #1331 ) ;
#2578 = EDGE_LOOP ( 'NONE', ( #848, #182, #3298, #691 ) ) ;
#2579 = VERTEX_POINT ( 'NONE', #1941 ) ;
#2580 = ADVANCED_FACE ( 'NONE', ( #67 ), #1197, .F. ) ;
#2581 = CARTESIAN_POINT ( 'NONE',  ( 64.43000000000000682, 4.000000000000001776, -56.00000000000000000 ) ) ;
#2582 = EDGE_CURVE ( 'NONE', #970, #2248, #787, .T. ) ;
#2583 = DIRECTION ( 'NONE',  ( 0.000000000000000000, -1.000000000000000000, 0.000000000000000000 ) ) ;
#2584 = DIRECTION ( 'NONE',  ( 1.000000000000000000, -2.891205793294677340E-16, 0.000000000000000000 ) ) ;
#2585 = CARTESIAN_POINT ( 'NONE',  ( 62.93000000000001393, 3.999999999999998224, -58.00000000000000000 ) ) ;
#2586 = LINE ( 'NONE', #2074, #435 ) ;
#2587 = ORIENTED_EDGE ( 'NONE', *, *, #308, .F. ) ;
#2588 = CARTESIAN_POINT ( 'NONE',  ( 0.000000000000000000, 28.00000000000000000, 0.000000000000000000 ) ) ;
#2589 = DIRECTION ( 'NONE',  ( -1.000000000000000000, -0.000000000000000000, -0.000000000000000000 ) ) ;
#2590 = AXIS2_PLACEMENT_3D ( 'NONE', #1152, #420, #3065 ) ;
#2591 = VERTEX_POINT ( 'NONE', #348 ) ;
#2592 = CIRCLE ( 'NONE', #821, 4.999999999999997335 ) ;
#2593 = DIRECTION ( 'NONE',  ( 0.000000000000000000, 0.000000000000000000, -1.000000000000000000 ) ) ;
#2594 = VECTOR ( 'NONE', #2221, 1000.000000000000000 ) ;
#2595 = ORIENTED_EDGE ( 'NONE', *, *, #2582, .T. ) ;
#2596 = ORIENTED_EDGE ( 'NONE', *, *, #3034, .T. ) ;
#2597 = VECTOR ( 'NONE', #2502, 1000.000000000000000 ) ;
#2598 = CARTESIAN_POINT ( 'NONE',  ( 115.5800000000000267, -33.07213933207223988, -33.00000000000000000 ) ) ;
#2599 = EDGE_CURVE ( 'NONE', #497, #2853, #1148, .T. ) ;
#2600 = DIRECTION ( 'NONE',  ( -7.885106708985501360E-17, 1.000000000000000000, 0.000000000000000000 ) ) ;
#2601 = VECTOR ( 'NONE', #1595, 1000.000000000000000 ) ;
#2602 = EDGE_CURVE ( 'NONE', #1092, #2506, #2613, .T. ) ;
#2603 = CIRCLE ( 'NONE', #1112, 2.000000000000001776 ) ;
#2604 = CARTESIAN_POINT ( 'NONE',  ( 120.5800000000000267, 0.000000000000000000, -33.00000000000000000 ) ) ;
#2605 = EDGE_CURVE ( 'NONE', #2057, #1516, #1687, .T. ) ;
#2606 = AXIS2_PLACEMENT_3D ( 'NONE', #2176, #3244, #858 ) ;
#2607 = EDGE_CURVE ( 'NONE', #2693, #1988, #172, .T. ) ;
#2608 = ORIENTED_EDGE ( 'NONE', *, *, #1543, .F. ) ;
#2609 = CARTESIAN_POINT ( 'NONE',  ( 10.49258438071939992, -2.000000000000000000, -23.00000000000000355 ) ) ;
#2610 = DIRECTION ( 'NONE',  ( -0.000000000000000000, 1.000000000000000000, -0.000000000000000000 ) ) ;
#2611 = VECTOR ( 'NONE', #1427, 1000.000000000000000 ) ;
#2612 = VERTEX_POINT ( 'NONE', #3304 ) ;
#2613 = CIRCLE ( 'NONE', #2941, 1.024999999999998135 ) ;
#2614 = FACE_OUTER_BOUND ( 'NONE', #114, .T. ) ;
#2615 = CIRCLE ( 'NONE', #1568, 2.000000000000001776 ) ;
#2616 = ORIENTED_EDGE ( 'NONE', *, *, #3442, .T. ) ;
#2617 = ORIENTED_EDGE ( 'NONE', *, *, #1225, .T. ) ;
#2618 = CARTESIAN_POINT ( 'NONE',  ( 8.000000000000039080, -2.000000000000000000, -23.00000000000000355 ) ) ;
#2619 = CARTESIAN_POINT ( 'NONE',  ( 17.28000000000000114, 4.087639317938078935E-15, -33.00000000000000000 ) ) ;
#2620 = DIRECTION ( 'NONE',  ( -0.000000000000000000, 0.000000000000000000, -1.000000000000000000 ) ) ;
#2621 = PERSON_AND_ORGANIZATION_ROLE ( 'classification_officer' ) ;
#2622 = CARTESIAN_POINT ( 'NONE',  ( 68.58000000000001251, 4.000000000000002665, -33.00000000000000000 ) ) ;
#2623 = ORIENTED_EDGE ( 'NONE', *, *, #806, .T. ) ;
#2624 = LINE ( 'NONE', #2952, #158 ) ;
#2625 = FACE_OUTER_BOUND ( 'NONE', #2561, .T. ) ;
#2626 = DIRECTION ( 'NONE',  ( -1.000000000000000000, 0.000000000000000000, 0.000000000000000000 ) ) ;
#2627 = EDGE_CURVE ( 'NONE', #343, #2230, #2460, .T. ) ;
#2628 = EDGE_CURVE ( 'NONE', #3279, #233, #1120, .T. ) ;
#2629 = ORIENTED_EDGE ( 'NONE', *, *, #444, .T. ) ;
#2630 = PLANE ( 'NONE',  #2326 ) ;
#2631 = ORIENTED_EDGE ( 'NONE', *, *, #1592, .F. ) ;
#2632 = EDGE_LOOP ( 'NONE', ( #359, #2679, #2843, #843 ) ) ;
#2633 = FACE_OUTER_BOUND ( 'NONE', #3207, .T. ) ;
#2634 = CYLINDRICAL_SURFACE ( 'NONE', #2048, 5.000000000000004441 ) ;
#2635 = CARTESIAN_POINT ( 'NONE',  ( 0.000000000000000000, 3.999999999999998224, -58.00000000000000000 ) ) ;
#2636 = FACE_OUTER_BOUND ( 'NONE', #1203, .T. ) ;
#2637 = CARTESIAN_POINT ( 'NONE',  ( 2.999999999999999556, -2.000000000000000000, -56.00000000000000000 ) ) ;
#2638 = DIRECTION ( 'NONE',  ( -0.4999999999999998890, 0.000000000000000000, 0.8660254037844387076 ) ) ;
#2639 = DIRECTION ( 'NONE',  ( 1.000000000000000000, 0.000000000000000000, -0.000000000000000000 ) ) ;
#2640 = ADVANCED_FACE ( 'NONE', ( #2477 ), #645, .T. ) ;
#2641 = ORIENTED_EDGE ( 'NONE', *, *, #1267, .F. ) ;
#2642 = ADVANCED_FACE ( 'NONE', ( #1460 ), #2775, .F. ) ;
#2643 = CARTESIAN_POINT ( 'NONE',  ( 130.7500000000000000, -1.734723475976807094E-15, -32.30000000000000426 ) ) ;
#2644 = AXIS2_PLACEMENT_3D ( 'NONE', #2151, #1116, #298 ) ;
#2645 = APPROVAL_PERSON_ORGANIZATION ( #3324, #2222, #106 ) ;
#2646 = VERTEX_POINT ( 'NONE', #1974 ) ;
#2647 = ORIENTED_EDGE ( 'NONE', *, *, #3188, .F. ) ;
#2648 = LINE ( 'NONE', #274, #2827 ) ;
#2649 = AXIS2_PLACEMENT_3D ( 'NONE', #1017, #2583, #3376 ) ;
#2650 = LINE ( 'NONE', #572, #1517 ) ;
#2651 = CARTESIAN_POINT ( 'NONE',  ( 40.43000000000000682, 3.999999999999995559, -28.00000000000019895 ) ) ;
#2652 = AXIS2_PLACEMENT_3D ( 'NONE', #2407, #1839, #1633 ) ;
#2653 = CARTESIAN_POINT ( 'NONE',  ( 64.43000000000000682, 0.000000000000000000, -56.00000000000000000 ) ) ;
#2654 = AXIS2_PLACEMENT_3D ( 'NONE', #436, #3379, #2584 ) ;
#2655 = CARTESIAN_POINT ( 'NONE',  ( 131.5000000000000000, -2.000000000000000000, -28.00000000000000000 ) ) ;
#2656 = AXIS2_PLACEMENT_3D ( 'NONE', #1093, #602, #2719 ) ;
#2657 = DIRECTION ( 'NONE',  ( -0.000000000000000000, 1.000000000000000000, -0.000000000000000000 ) ) ;
#2658 = DIRECTION ( 'NONE',  ( 1.000000000000000000, 0.000000000000000000, -0.000000000000000000 ) ) ;
#2659 = CARTESIAN_POINT ( 'NONE',  ( 38.43000000000000682, 0.000000000000000000, -56.00000000000000000 ) ) ;
#2660 = CIRCLE ( 'NONE', #3335, 2.000000000000001776 ) ;
#2661 = ORIENTED_EDGE ( 'NONE', *, *, #2456, .F. ) ;
#2662 = AXIS2_PLACEMENT_3D ( 'NONE', #1828, #2347, #478 ) ;
#2663 = CARTESIAN_POINT ( 'NONE',  ( 4.999999999999998224, -2.000000000000000000, -43.00000000000000000 ) ) ;
#2664 = EDGE_CURVE ( 'NONE', #1166, #87, #1514, .T. ) ;
#2665 = AXIS2_PLACEMENT_3D ( 'NONE', #1623, #819, #334 ) ;
#2666 = EDGE_LOOP ( 'NONE', ( #1008, #2096, #1096, #2857 ) ) ;
#2667 = VERTEX_POINT ( 'NONE', #3270 ) ;
#2668 = CARTESIAN_POINT ( 'NONE',  ( 130.7500000000000000, 4.250000000000000000, -33.32500000000000284 ) ) ;
#2669 = VECTOR ( 'NONE', #1183, 1000.000000000000000 ) ;
#2670 = DIRECTION ( 'NONE',  ( -0.000000000000000000, 1.000000000000000000, -0.000000000000000000 ) ) ;
#2671 = EDGE_CURVE ( 'NONE', #2784, #1515, #3038, .T. ) ;
#2672 = ADVANCED_FACE ( 'NONE', ( #3251 ), #1738, .F. ) ;
#2673 = CARTESIAN_POINT ( 'NONE',  ( 73.58000000000002672, 1.740558454941457674E-14, -33.00000000000000000 ) ) ;
#2674 = DIRECTION ( 'NONE',  ( 2.365532012695647203E-16, -1.000000000000000000, -0.000000000000000000 ) ) ;
#2675 = CARTESIAN_POINT ( 'NONE',  ( 66.43000000000000682, 28.00000000000001776, -56.00000000000000000 ) ) ;
#2676 = CARTESIAN_POINT ( 'NONE',  ( 15.89999999999999680, 3.999999999999998224, -36.50000000000000711 ) ) ;
#2677 = DIRECTION ( 'NONE',  ( -1.000000000000000000, 0.000000000000000000, -0.000000000000000000 ) ) ;
#2678 = CARTESIAN_POINT ( 'NONE',  ( 8.750000000000000000, 4.250000000000000000, -31.27500000000000568 ) ) ;
#2679 = ORIENTED_EDGE ( 'NONE', *, *, #2962, .F. ) ;
#2680 = CARTESIAN_POINT ( 'NONE',  ( 91.08000000000002672, 3.999999999999996447, -58.00000000000000000 ) ) ;
#2681 = ORIENTED_EDGE ( 'NONE', *, *, #530, .T. ) ;
#2682 = VERTEX_POINT ( 'NONE', #2237 ) ;
#2683 = DIRECTION ( 'NONE',  ( -1.000000000000000000, -0.000000000000000000, -0.000000000000000000 ) ) ;
#2684 = CYLINDRICAL_SURFACE ( 'NONE', #1898, 2.000000000000001776 ) ;
#2685 = DIRECTION ( 'NONE',  ( 0.000000000000000000, 0.000000000000000000, 1.000000000000000000 ) ) ;
#2686 = ORIENTED_EDGE ( 'NONE', *, *, #1184, .F. ) ;
#2687 = ADVANCED_FACE ( 'NONE', ( #1390 ), #662, .F. ) ;
#2688 = DIRECTION ( 'NONE',  ( 0.000000000000000000, 0.000000000000000000, -1.000000000000000000 ) ) ;
#2689 = DIRECTION ( 'NONE',  ( 1.000000000000000000, -0.000000000000000000, -0.000000000000000000 ) ) ;
#2690 = FACE_OUTER_BOUND ( 'NONE', #2731, .T. ) ;
#2691 = CARTESIAN_POINT ( 'NONE',  ( 41.92999999999999972, 3.999999999999999112, -58.00000000000000000 ) ) ;
#2692 = CARTESIAN_POINT ( 'NONE',  ( 136.5000000000000000, 0.000000000000000000, -38.49258438071941413 ) ) ;
#2693 = VERTEX_POINT ( 'NONE', #3060 ) ;
#2694 = DIRECTION ( 'NONE',  ( 2.365532012695647203E-16, -1.000000000000000000, -0.000000000000000000 ) ) ;
#2695 = VERTEX_POINT ( 'NONE', #1424 ) ;
#2696 = ORIENTED_EDGE ( 'NONE', *, *, #3296, .T. ) ;
#2697 = CARTESIAN_POINT ( 'NONE',  ( -3.154042683594191669E-16, 3.999999999999989786, -58.00000000000000000 ) ) ;
#2698 = FACE_OUTER_BOUND ( 'NONE', #1227, .T. ) ;
#2699 = VECTOR ( 'NONE', #2730, 1000.000000000000000 ) ;
#2700 = ORIENTED_EDGE ( 'NONE', *, *, #1296, .T. ) ;
#2701 = APPROVAL_PERSON_ORGANIZATION ( #981, #2472, #2310 ) ;
#2702 = DIRECTION ( 'NONE',  ( -0.000000000000000000, -1.000000000000000000, -0.000000000000000000 ) ) ;
#2703 = EDGE_CURVE ( 'NONE', #2797, #2218, #1670, .T. ) ;
#2704 = DIRECTION ( 'NONE',  ( -2.365532012695647203E-16, 1.000000000000000000, 0.000000000000000000 ) ) ;
#2705 = AXIS2_PLACEMENT_3D ( 'NONE', #1671, #2757, #1198 ) ;
#2706 = EDGE_CURVE ( 'NONE', #2345, #3088, #99, .T. ) ;
#2707 = DIRECTION ( 'NONE',  ( -0.000000000000000000, -0.000000000000000000, 1.000000000000000000 ) ) ;
#2708 = VECTOR ( 'NONE', #1597, 1000.000000000000000 ) ;
#2709 = CARTESIAN_POINT ( 'NONE',  ( 0.000000000000000000, 0.000000000000000000, -58.00000000000000000 ) ) ;
#2710 = CARTESIAN_POINT ( 'NONE',  ( 134.5000000000000000, -2.000000000000000000, -58.00000000000000000 ) ) ;
#2711 = EDGE_CURVE ( 'NONE', #87, #3154, #763, .T. ) ;
#2712 = ADVANCED_FACE ( 'NONE', ( #1474 ), #2049, .F. ) ;
#2713 = EDGE_LOOP ( 'NONE', ( #187, #920, #1109, #709, #2566, #364, #3195, #89, #2403, #3212, #132, #347, #1452, #2212, #181, #2996, #2847, #2617, #202, #2431, #2339, #729, #481, #126, #1280, #1894, #2455, #2805 ) ) ;
#2714 = CARTESIAN_POINT ( 'NONE',  ( 2.999999999999999556, 0.000000000000000000, -56.00000000000000000 ) ) ;
#2715 = VECTOR ( 'NONE', #3035, 1000.000000000000000 ) ;
#2716 = ORIENTED_EDGE ( 'NONE', *, *, #2287, .T. ) ;
#2717 = AXIS2_PLACEMENT_3D ( 'NONE', #967, #637, #425 ) ;
#2718 = ORIENTED_EDGE ( 'NONE', *, *, #3012, .F. ) ;
#2719 = DIRECTION ( 'NONE',  ( 0.000000000000000000, 0.000000000000000000, 1.000000000000000000 ) ) ;
#2720 = DIRECTION ( 'NONE',  ( -0.000000000000000000, 1.000000000000000000, -0.000000000000000000 ) ) ;
#2721 = AXIS2_PLACEMENT_3D ( 'NONE', #2206, #2255, #3275 ) ;
#2722 = ORIENTED_EDGE ( 'NONE', *, *, #1170, .T. ) ;
#2723 = ORIENTED_EDGE ( 'NONE', *, *, #759, .F. ) ;
#2724 = VECTOR ( 'NONE', #279, 1000.000000000000114 ) ;
#2725 = CARTESIAN_POINT ( 'NONE',  ( 8.750000000000000000, 0.2500000000000011102, -32.30000000000000426 ) ) ;
#2726 = CARTESIAN_POINT ( 'NONE',  ( 8.750000000000000000, 4.250000000000000000, -32.30000000000000426 ) ) ;
#2727 = AXIS2_PLACEMENT_3D ( 'NONE', #1079, #1351, #1820 ) ;
#2728 = LINE ( 'NONE', #1199, #2107 ) ;
#2729 = CARTESIAN_POINT ( 'NONE',  ( 15.90000000000000391, 28.00000000000000000, -56.00000000000000000 ) ) ;
#2730 = DIRECTION ( 'NONE',  ( -0.000000000000000000, 1.000000000000000000, -0.000000000000000000 ) ) ;
#2731 = EDGE_LOOP ( 'NONE', ( #2661, #1958, #2718, #2816 ) ) ;
#2732 = ORIENTED_EDGE ( 'NONE', *, *, #1587, .T. ) ;
#2733 = PRODUCT_RELATED_PRODUCT_CATEGORY ( 'detail', '', ( #3009 ) ) ;
#2734 = CARTESIAN_POINT ( 'NONE',  ( 136.5000000000000000, 0.000000000000000000, -58.00000000000000000 ) ) ;
#2735 = EDGE_CURVE ( 'NONE', #304, #430, #472, .T. ) ;
#2736 = VERTEX_POINT ( 'NONE', #1532 ) ;
#2737 = VERTEX_POINT ( 'NONE', #1287 ) ;
#2738 = CYLINDRICAL_SURFACE ( 'NONE', #1165, 8.500000000000000000 ) ;
#2739 = CARTESIAN_POINT ( 'NONE',  ( 127.0605651834259788, -2.000000000000000000, -23.52165700207143217 ) ) ;
#2740 = VERTEX_POINT ( 'NONE', #2581 ) ;
#2741 = DIRECTION ( 'NONE',  ( -1.000000000000000000, 0.000000000000000000, -1.156482317317841896E-16 ) ) ;
#2742 = FACE_BOUND ( 'NONE', #414, .T. ) ;
#2743 = DIRECTION ( 'NONE',  ( 0.000000000000000000, -1.000000000000000000, 0.000000000000000000 ) ) ;
#2744 = CARTESIAN_POINT ( 'NONE',  ( 117.0800000000000125, 28.00000000000000000, -28.00000000000000355 ) ) ;
#2745 = DIRECTION ( 'NONE',  ( 0.000000000000000000, -1.000000000000000000, 0.000000000000000000 ) ) ;
#2746 = ORIENTED_EDGE ( 'NONE', *, *, #405, .T. ) ;
#2747 = CARTESIAN_POINT ( 'NONE',  ( 137.5000000000000000, -2.000000000000000000, -17.00000000000000000 ) ) ;
#2748 = EDGE_CURVE ( 'NONE', #601, #2943, #1788, .T. ) ;
#2749 = EDGE_CURVE ( 'NONE', #342, #2065, #2568, .T. ) ;
#2750 = ORIENTED_EDGE ( 'NONE', *, *, #1882, .F. ) ;
#2751 = VERTEX_POINT ( 'NONE', #2304 ) ;
#2752 = CARTESIAN_POINT ( 'NONE',  ( 137.5000000000000000, -1.999999999999998224, -15.00000000000000000 ) ) ;
#2753 = EDGE_CURVE ( 'NONE', #928, #1159, #1265, .T. ) ;
#2754 = VERTEX_POINT ( 'NONE', #2323 ) ;
#2755 = DIRECTION ( 'NONE',  ( -1.000000000000000000, 0.000000000000000000, 0.000000000000000000 ) ) ;
#2756 = VECTOR ( 'NONE', #1675, 1000.000000000000000 ) ;
#2757 = DIRECTION ( 'NONE',  ( -0.000000000000000000, 1.000000000000000000, -0.000000000000000000 ) ) ;
#2758 = CARTESIAN_POINT ( 'NONE',  ( 130.7500000000000000, 0.2500000000000011102, -33.32500000000000284 ) ) ;
#2759 = CARTESIAN_POINT ( 'NONE',  ( 132.6062991282907433, -2.000000000000000000, -38.49258438071941413 ) ) ;
#2760 = AXIS2_PLACEMENT_3D ( 'NONE', #3134, #2305, #684 ) ;
#2761 = PLANE ( 'NONE',  #3041 ) ;
#2762 = VERTEX_POINT ( 'NONE', #1250 ) ;
#2763 = VECTOR ( 'NONE', #19, 1000.000000000000000 ) ;
#2764 = DIRECTION ( 'NONE',  ( -0.000000000000000000, -0.000000000000000000, -1.000000000000000000 ) ) ;
#2765 = ORIENTED_EDGE ( 'NONE', *, *, #1803, .F. ) ;
#2766 = ORIENTED_EDGE ( 'NONE', *, *, #806, .F. ) ;
#2767 = EDGE_CURVE ( 'NONE', #3154, #3057, #1621, .T. ) ;
#2768 = CIRCLE ( 'NONE', #1279, 3.893700871709260269 ) ;
#2769 = DIRECTION ( 'NONE',  ( 0.000000000000000000, 1.000000000000000000, 0.000000000000000000 ) ) ;
#2770 = AXIS2_PLACEMENT_3D ( 'NONE', #704, #690, #1204 ) ;
#2771 = ORIENTED_EDGE ( 'NONE', *, *, #659, .F. ) ;
#2772 = ORIENTED_EDGE ( 'NONE', *, *, #3166, .T. ) ;
#2773 = EDGE_CURVE ( 'NONE', #3211, #408, #960, .T. ) ;
#2774 = CIRCLE ( 'NONE', #3176, 2.000000000000001776 ) ;
#2775 = PLANE ( 'NONE',  #1453 ) ;
#2776 = EDGE_CURVE ( 'NONE', #1179, #1091, #1237, .T. ) ;
#2777 = CARTESIAN_POINT ( 'NONE',  ( 60.92999999999999972, -1.761611689854447604E-14, -28.00000000000000355 ) ) ;
#2778 = AXIS2_PLACEMENT_3D ( 'NONE', #3318, #365, #867 ) ;
#2779 = DIRECTION ( 'NONE',  ( 0.000000000000000000, 0.000000000000000000, -1.000000000000000000 ) ) ;
#2780 = DIRECTION ( 'NONE',  ( 0.000000000000000000, -1.000000000000000000, 0.000000000000000000 ) ) ;
#2781 = MECHANICAL_CONTEXT ( 'NONE', #1852, 'mechanical' ) ;
#2782 = VECTOR ( 'NONE', #705, 1000.000000000000000 ) ;
#2783 = DIRECTION ( 'NONE',  ( -0.5000000000000013323, 0.000000000000000000, 0.8660254037844378194 ) ) ;
#2784 = VERTEX_POINT ( 'NONE', #3396 ) ;
#2785 = FACE_OUTER_BOUND ( 'NONE', #1796, .T. ) ;
#2786 = ORIENTED_EDGE ( 'NONE', *, *, #2812, .F. ) ;
#2787 = ORIENTED_EDGE ( 'NONE', *, *, #781, .F. ) ;
#2788 = LINE ( 'NONE', #1490, #1609 ) ;
#2789 = ORIENTED_EDGE ( 'NONE', *, *, #1737, .F. ) ;
#2790 = VERTEX_POINT ( 'NONE', #3374 ) ;
#2791 = DIRECTION ( 'NONE',  ( 3.145464145016877167E-16, -1.000000000000000000, 0.000000000000000000 ) ) ;
#2792 = LINE ( 'NONE', #3362, #2484 ) ;
#2793 = EDGE_CURVE ( 'NONE', #2943, #2235, #1214, .T. ) ;
#2794 = CARTESIAN_POINT ( 'NONE',  ( 59.43000000000001393, 1.405835675145023215E-14, -28.00000000000000355 ) ) ;
#2795 = DIRECTION ( 'NONE',  ( -0.000000000000000000, -0.000000000000000000, -1.000000000000000000 ) ) ;
#2796 = COORDINATED_UNIVERSAL_TIME_OFFSET ( 1, 0, .AHEAD. ) ;
#2797 = VERTEX_POINT ( 'NONE', #1518 ) ;
#2798 = VERTEX_POINT ( 'NONE', #2271 ) ;
#2799 = DIRECTION ( 'NONE',  ( -7.885106708985501360E-17, 1.000000000000000000, 0.000000000000000000 ) ) ;
#2800 = LINE ( 'NONE', #1646, #3066 ) ;
#2801 = ORIENTED_EDGE ( 'NONE', *, *, #1838, .F. ) ;
#2802 = EDGE_LOOP ( 'NONE', ( #1701, #61, #1469, #1826 ) ) ;
#2803 = CARTESIAN_POINT ( 'NONE',  ( 72.07999999999999829, 3.999999999999998224, -36.50000000000000711 ) ) ;
#2804 = VERTEX_POINT ( 'NONE', #3133 ) ;
#2805 = ORIENTED_EDGE ( 'NONE', *, *, #1863, .T. ) ;
#2806 = DIRECTION ( 'NONE',  ( 2.891205793294678326E-16, 1.000000000000000000, -0.000000000000000000 ) ) ;
#2807 = CARTESIAN_POINT ( 'NONE',  ( 64.43000000000000682, 4.000000000000001776, -28.00000000000000355 ) ) ;
#2808 = CYLINDRICAL_SURFACE ( 'NONE', #2654, 8.500000000000000000 ) ;
#2809 = ADVANCED_FACE ( 'NONE', ( #696 ), #1754, .F. ) ;
#2810 = FACE_OUTER_BOUND ( 'NONE', #2386, .T. ) ;
#2811 = DIRECTION ( 'NONE',  ( -1.000000000000000000, -0.000000000000000000, -0.000000000000000000 ) ) ;
#2812 = EDGE_CURVE ( 'NONE', #1576, #2369, #3077, .T. ) ;
#2813 = CARTESIAN_POINT ( 'NONE',  ( 130.7500000000000000, -1.734723475976807094E-15, -31.02500000000000568 ) ) ;
#2814 = AXIS2_PLACEMENT_3D ( 'NONE', #1811, #2553, #2868 ) ;
#2815 = VECTOR ( 'NONE', #2811, 1000.000000000000000 ) ;
#2816 = ORIENTED_EDGE ( 'NONE', *, *, #2703, .F. ) ;
#2817 = DIRECTION ( 'NONE',  ( 1.000000000000000000, -0.000000000000000000, 0.000000000000000000 ) ) ;
#2818 = DIRECTION ( 'NONE',  ( -1.000000000000000000, -2.365532012695647203E-16, 0.000000000000000000 ) ) ;
#2819 = EDGE_CURVE ( 'NONE', #222, #3277, #750, .T. ) ;
#2820 = EDGE_CURVE ( 'NONE', #1332, #2130, #2863, .T. ) ;
#2821 = CIRCLE ( 'NONE', #880, 5.000000000000000888 ) ;
#2822 = ORIENTED_EDGE ( 'NONE', *, *, #2538, .T. ) ;
#2823 = ORIENTED_EDGE ( 'NONE', *, *, #2605, .T. ) ;
#2824 = LINE ( 'NONE', #2215, #1666 ) ;
#2825 = VECTOR ( 'NONE', #1976, 1000.000000000000000 ) ;
#2826 = ORIENTED_EDGE ( 'NONE', *, *, #1821, .T. ) ;
#2827 = VECTOR ( 'NONE', #12, 1000.000000000000000 ) ;
#2828 = ORIENTED_EDGE ( 'NONE', *, *, #2735, .F. ) ;
#2829 = CARTESIAN_POINT ( 'NONE',  ( 24.40000000000000568, 28.00000000000000000, -36.50000000000000711 ) ) ;
#2830 = CIRCLE ( 'NONE', #3281, 8.500000000000000000 ) ;
#2831 = DIRECTION ( 'NONE',  ( 3.145464145016877167E-16, -1.000000000000000000, 0.000000000000000000 ) ) ;
#2832 = CARTESIAN_POINT ( 'NONE',  ( 96.58000000000001251, -33.07213933207224699, -56.00000000000000000 ) ) ;
#2833 = DIRECTION ( 'NONE',  ( 0.000000000000000000, -1.000000000000000000, 0.000000000000000000 ) ) ;
#2834 = LINE ( 'NONE', #2852, #1657 ) ;
#2835 = VECTOR ( 'NONE', #2795, 1000.000000000000000 ) ;
#2836 = ORIENTED_EDGE ( 'NONE', *, *, #189, .T. ) ;
#2837 = AXIS2_PLACEMENT_3D ( 'NONE', #1703, #381, #1443 ) ;
#2838 = DIRECTION ( 'NONE',  ( 0.000000000000000000, 0.000000000000000000, -1.000000000000000000 ) ) ;
#2839 = CARTESIAN_POINT ( 'NONE',  ( 131.4999999999999716, -2.000000000000000000, -23.00000000000000355 ) ) ;
#2840 = CIRCLE ( 'NONE', #2727, 8.500000000000000000 ) ;
#2841 = ORIENTED_EDGE ( 'NONE', *, *, #3438, .T. ) ;
#2842 = CC_DESIGN_PERSON_AND_ORGANIZATION_ASSIGNMENT ( #3137, #785, ( #2099 ) ) ;
#2843 = ORIENTED_EDGE ( 'NONE', *, *, #1085, .F. ) ;
#2844 = EDGE_CURVE ( 'NONE', #1091, #2235, #712, .T. ) ;
#2845 = DIRECTION ( 'NONE',  ( 0.000000000000000000, 0.000000000000000000, 1.000000000000000000 ) ) ;
#2846 = ORIENTED_EDGE ( 'NONE', *, *, #2605, .F. ) ;
#2847 = ORIENTED_EDGE ( 'NONE', *, *, #16, .T. ) ;
#2848 = DIRECTION ( 'NONE',  ( -0.5000000000000008882, 0.000000000000000000, -0.8660254037844381525 ) ) ;
#2849 = PLANE ( 'NONE',  #1213 ) ;
#2850 = CARTESIAN_POINT ( 'NONE',  ( 119.0800000000000125, 28.00000000000000000, -56.00000000000000000 ) ) ;
#2851 = DIRECTION ( 'NONE',  ( -0.000000000000000000, 1.000000000000000000, -0.000000000000000000 ) ) ;
#2852 = CARTESIAN_POINT ( 'NONE',  ( -1.258185658006746331E-15, 3.999999999999986233, -28.00000000000000355 ) ) ;
#2853 = VERTEX_POINT ( 'NONE', #432 ) ;
#2854 = CARTESIAN_POINT ( 'NONE',  ( 134.5000000000000000, 0.000000000000000000, -43.00000000000000000 ) ) ;
#2855 = DIRECTION ( 'NONE',  ( -0.000000000000000000, 1.000000000000000000, -0.000000000000000000 ) ) ;
#2856 = VERTEX_POINT ( 'NONE', #1773 ) ;
#2857 = ORIENTED_EDGE ( 'NONE', *, *, #887, .F. ) ;
#2858 = CARTESIAN_POINT ( 'NONE',  ( 108.5800000000000125, 3.999999999999998224, -36.50000000000000711 ) ) ;
#2859 = EDGE_CURVE ( 'NONE', #1076, #1789, #2650, .T. ) ;
#2860 = EDGE_CURVE ( 'NONE', #1988, #2078, #2167, .T. ) ;
#2861 = ORIENTED_EDGE ( 'NONE', *, *, #683, .F. ) ;
#2862 = ORIENTED_EDGE ( 'NONE', *, *, #291, .T. ) ;
#2863 = LINE ( 'NONE', #188, #3236 ) ;
#2864 = EDGE_CURVE ( 'NONE', #2524, #680, #2147, .T. ) ;
#2865 = DIRECTION ( 'NONE',  ( -0.000000000000000000, 0.000000000000000000, -1.000000000000000000 ) ) ;
#2866 = CARTESIAN_POINT ( 'NONE',  ( 135.9783429979285643, 0.000000000000000000, -40.43943481657404249 ) ) ;
#2867 = PERSON_AND_ORGANIZATION ( #1884, #713 ) ;
#2868 = DIRECTION ( 'NONE',  ( 1.000000000000000000, 4.336808689942013792E-16, 0.000000000000000000 ) ) ;
#2869 = VERTEX_POINT ( 'NONE', #3237 ) ;
#2870 = LINE ( 'NONE', #2313, #2435 ) ;
#2871 = DIRECTION ( 'NONE',  ( -0.000000000000000000, 1.000000000000000000, -0.000000000000000000 ) ) ;
#2872 = VECTOR ( 'NONE', #820, 1000.000000000000000 ) ;
#2873 = ORIENTED_EDGE ( 'NONE', *, *, #2602, .F. ) ;
#2874 = DIRECTION ( 'NONE',  ( -1.000000000000000000, 0.000000000000000000, 0.000000000000000000 ) ) ;
#2875 = AXIS2_PLACEMENT_3D ( 'NONE', #2726, #591, #1410 ) ;
#2877 = EDGE_LOOP ( 'NONE', ( #2312, #3357, #1362, #3355 ) ) ;
#2876 = EDGE_CURVE ( 'NONE', #2754, #2790, #2946, .T. ) ;
#2878 = ORIENTED_EDGE ( 'NONE', *, *, #915, .F. ) ;
#2879 = VECTOR ( 'NONE', #2881, 1000.000000000000000 ) ;
#2880 = CARTESIAN_POINT ( 'NONE',  ( 80.58000000000001251, 0.000000000000000000, -28.00000000000000355 ) ) ;
#2881 = DIRECTION ( 'NONE',  ( -1.000000000000000000, -3.145464145016876674E-16, 0.000000000000000000 ) ) ;
#2882 = EDGE_CURVE ( 'NONE', #1951, #2163, #293, .T. ) ;
#2883 = AXIS2_PLACEMENT_3D ( 'NONE', #2543, #3356, #971 ) ;
#2884 = CARTESIAN_POINT ( 'NONE',  ( 100.0799999999999983, 3.999999999999997335, -28.00000000000000355 ) ) ;
#2885 = PLANE ( 'NONE',  #2644 ) ;
#2886 = AXIS2_PLACEMENT_3D ( 'NONE', #1883, #2401, #3208 ) ;
#2887 = ORIENTED_EDGE ( 'NONE', *, *, #100, .T. ) ;
#2888 = DIRECTION ( 'NONE',  ( 0.000000000000000000, -1.000000000000000000, 0.000000000000000000 ) ) ;
#2889 = DIRECTION ( 'NONE',  ( 4.625929269271485914E-16, 0.000000000000000000, 1.000000000000000000 ) ) ;
#2890 = AXIS2_PLACEMENT_3D ( 'NONE', #3136, #3118, #475 ) ;
#2891 = ORIENTED_EDGE ( 'NONE', *, *, #164, .T. ) ;
#2892 = VECTOR ( 'NONE', #701, 1000.000000000000000 ) ;
#2893 = DIRECTION ( 'NONE',  ( 3.145464145016877167E-16, -1.000000000000000000, 0.000000000000000000 ) ) ;
#2894 = AXIS2_PLACEMENT_3D ( 'NONE', #2098, #3165, #1315 ) ;
#2895 = VERTEX_POINT ( 'NONE', #2911 ) ;
#2896 = EDGE_LOOP ( 'NONE', ( #290, #2131, #2993, #22 ) ) ;
#2897 = CARTESIAN_POINT ( 'NONE',  ( 87.57999999999999829, 3.999999999999996447, -33.00000000000000000 ) ) ;
#2898 = CARTESIAN_POINT ( 'NONE',  ( 139.5000000000000000, 28.00000000000000000, -17.00000000000000000 ) ) ;
#2899 = CARTESIAN_POINT ( 'NONE',  ( 45.43000000000000682, 4.000000000000000000, -28.00000000000000355 ) ) ;
#2900 = ADVANCED_FACE ( 'NONE', ( #2633 ), #27, .F. ) ;
#2901 = PLANE ( 'NONE',  #1380 ) ;
#2902 = EDGE_CURVE ( 'NONE', #1614, #2737, #2840, .T. ) ;
#2903 = CARTESIAN_POINT ( 'NONE',  ( 43.93000000000000682, 28.00000000000000000, -56.00000000000000000 ) ) ;
#2904 = CARTESIAN_POINT ( 'NONE',  ( 40.43000000000000682, 3.999999999999995559, -33.00000000000000000 ) ) ;
#2905 = DIRECTION ( 'NONE',  ( 1.000000000000000000, 0.000000000000000000, -0.000000000000000000 ) ) ;
#2906 = ORIENTED_EDGE ( 'NONE', *, *, #1550, .T. ) ;
#2907 = CARTESIAN_POINT ( 'NONE',  ( 136.5000000000000000, 28.00000000000000000, -56.00000000000000000 ) ) ;
#2908 = ORIENTED_EDGE ( 'NONE', *, *, #1529, .T. ) ;
#2909 = ORIENTED_EDGE ( 'NONE', *, *, #441, .T. ) ;
#2910 = DIRECTION ( 'NONE',  ( -2.365532012695647203E-16, 1.000000000000000000, 0.000000000000000000 ) ) ;
#2911 = CARTESIAN_POINT ( 'NONE',  ( 120.5800000000000267, 4.000000000000015099, -56.00000000000000000 ) ) ;
#2912 = CARTESIAN_POINT ( 'NONE',  ( -1.258185658006746331E-15, 3.999999999999986233, -28.00000000000000355 ) ) ;
#2913 = DIRECTION ( 'NONE',  ( 0.000000000000000000, 0.000000000000000000, -1.000000000000000000 ) ) ;
#2914 = DIRECTION ( 'NONE',  ( -0.000000000000000000, 1.000000000000000000, -0.000000000000000000 ) ) ;
#2915 = EDGE_CURVE ( 'NONE', #2369, #2198, #240, .T. ) ;
#2916 = LINE ( 'NONE', #2154, #719 ) ;
#2917 = CARTESIAN_POINT ( 'NONE',  ( 17.28000000000000114, 3.999999999999998224, -28.00000000000000355 ) ) ;
#2918 = DIRECTION ( 'NONE',  ( -0.000000000000000000, 1.000000000000000000, -0.000000000000000000 ) ) ;
#2919 = EDGE_LOOP ( 'NONE', ( #1714, #48, #1404, #1349 ) ) ;
#2920 = EDGE_CURVE ( 'NONE', #1245, #2798, #275, .T. ) ;
#2921 = CARTESIAN_POINT ( 'NONE',  ( 43.93000000000000682, 4.000000000000000000, -36.50000000000000711 ) ) ;
#2922 = ADVANCED_FACE ( 'NONE', ( #2356 ), #2371, .T. ) ;
#2923 = AXIS2_PLACEMENT_3D ( 'NONE', #463, #1829, #2639 ) ;
#2924 = VERTEX_POINT ( 'NONE', #1616 ) ;
#2925 = ORIENTED_EDGE ( 'NONE', *, *, #2820, .T. ) ;
#2926 = LINE ( 'NONE', #3247, #1606 ) ;
#2927 = AXIS2_PLACEMENT_3D ( 'NONE', #2030, #2600, #190 ) ;
#2928 = CARTESIAN_POINT ( 'NONE',  ( 8.750000000000000000, 4.250000000000000000, -33.32500000000000284 ) ) ;
#2929 = PLANE ( 'NONE',  #2652 ) ;
#2930 = VECTOR ( 'NONE', #258, 1000.000000000000000 ) ;
#2931 = LINE ( 'NONE', #2635, #678 ) ;
#2932 = DIRECTION ( 'NONE',  ( -0.000000000000000000, -0.000000000000000000, -1.000000000000000000 ) ) ;
#2933 = CIRCLE ( 'NONE', #1996, 1.274999999999998357 ) ;
#2934 = DIRECTION ( 'NONE',  ( 0.000000000000000000, 0.000000000000000000, -1.000000000000000000 ) ) ;
#2935 = CYLINDRICAL_SURFACE ( 'NONE', #339, 2.000000000000001776 ) ;
#2936 = CARTESIAN_POINT ( 'NONE',  ( 135.9783429979285643, -2.000000000000000000, -40.43943481657404249 ) ) ;
#2937 = CIRCLE ( 'NONE', #2382, 2.000000000000001776 ) ;
#2938 = VERTEX_POINT ( 'NONE', #2928 ) ;
#2939 = CARTESIAN_POINT ( 'NONE',  ( 92.58000000000001251, 4.000000000000007994, -28.00000000000000000 ) ) ;
#2940 = EDGE_CURVE ( 'NONE', #1682, #1753, #3349, .T. ) ;
#2941 = AXIS2_PLACEMENT_3D ( 'NONE', #2725, #133, #1133 ) ;
#2942 = EDGE_CURVE ( 'NONE', #2762, #3266, #2118, .T. ) ;
#2943 = VERTEX_POINT ( 'NONE', #1111 ) ;
#2944 = ORIENTED_EDGE ( 'NONE', *, *, #1949, .T. ) ;
#2945 = CARTESIAN_POINT ( 'NONE',  ( 68.58000000000001251, 0.000000000000000000, -28.00000000000000355 ) ) ;
#2946 = CIRCLE ( 'NONE', #789, 5.000000000000004441 ) ;
#2947 = DIRECTION ( 'NONE',  ( -0.000000000000000000, -0.000000000000000000, -1.000000000000000000 ) ) ;
#2948 = DIRECTION ( 'NONE',  ( -0.000000000000000000, 1.000000000000000000, -0.000000000000000000 ) ) ;
#2949 = ORIENTED_EDGE ( 'NONE', *, *, #617, .T. ) ;
#2950 = CARTESIAN_POINT ( 'NONE',  ( 68.58000000000001251, 0.000000000000000000, -33.00000000000000000 ) ) ;
#2951 = CARTESIAN_POINT ( 'NONE',  ( 6.893700871709262934, 0.000000000000000000, -38.49258438071942123 ) ) ;
#2952 = CARTESIAN_POINT ( 'NONE',  ( 0.000000000000000000, 0.000000000000000000, -28.00000000000000355 ) ) ;
#2953 = PLANE ( 'NONE',  #2064 ) ;
#2954 = FACE_OUTER_BOUND ( 'NONE', #1285, .T. ) ;
#2955 = ORIENTED_EDGE ( 'NONE', *, *, #2706, .F. ) ;
#2956 = LINE ( 'NONE', #2939, #672 ) ;
#2957 = ORIENTED_EDGE ( 'NONE', *, *, #1400, .T. ) ;
#2958 = ORIENTED_EDGE ( 'NONE', *, *, #1799, .F. ) ;
#2959 = ADVANCED_FACE ( 'NONE', ( #536 ), #2684, .T. ) ;
#2960 = DIRECTION ( 'NONE',  ( 1.000000000000000000, -0.000000000000000000, -0.000000000000000000 ) ) ;
#2961 = DIRECTION ( 'NONE',  ( 0.000000000000000000, 0.000000000000000000, -1.000000000000000000 ) ) ;
#2962 = EDGE_CURVE ( 'NONE', #2924, #1245, #3404, .T. ) ;
#2963 = EDGE_LOOP ( 'NONE', ( #1966, #1415, #2686, #1881 ) ) ;
#2964 = EDGE_CURVE ( 'NONE', #1578, #3128, #2560, .T. ) ;
#2965 = LINE ( 'NONE', #296, #341 ) ;
#2966 = ADVANCED_FACE ( 'NONE', ( #1064 ), #2132, .F. ) ;
#2967 = LINE ( 'NONE', #3040, #3385 ) ;
#2968 = CARTESIAN_POINT ( 'NONE',  ( 38.27999999999999403, 0.000000000000000000, -58.00000000000019895 ) ) ;
#2969 = DIRECTION ( 'NONE',  ( 0.000000000000000000, 0.000000000000000000, 1.000000000000000000 ) ) ;
#2970 = DIRECTION ( 'NONE',  ( 0.000000000000000000, 0.000000000000000000, -1.000000000000000000 ) ) ;
#2971 = VERTEX_POINT ( 'NONE', #812 ) ;
#2972 = CARTESIAN_POINT ( 'NONE',  ( 52.43000000000000682, 0.000000000000000000, -36.50000000000000711 ) ) ;
#2973 = ORIENTED_EDGE ( 'NONE', *, *, #308, .T. ) ;
#2974 = EDGE_LOOP ( 'NONE', ( #1563, #634, #1987, #1229 ) ) ;
#2975 = CARTESIAN_POINT ( 'NONE',  ( 80.58000000000001251, 28.00000000000000000, -28.00000000000000355 ) ) ;
#2976 = DIRECTION ( 'NONE',  ( 0.000000000000000000, 0.000000000000000000, -1.000000000000000000 ) ) ;
#2977 = AXIS2_PLACEMENT_3D ( 'NONE', #594, #352, #1656 ) ;
#2978 = ORIENTED_EDGE ( 'NONE', *, *, #638, .F. ) ;
#2979 = VERTEX_POINT ( 'NONE', #1869 ) ;
#2980 = VECTOR ( 'NONE', #2328, 1000.000000000000000 ) ;
#2981 = LOCAL_TIME ( 16, 23, 16.00000000000000000, #649 ) ;
#2982 = DIRECTION ( 'NONE',  ( -0.000000000000000000, -0.000000000000000000, -1.000000000000000000 ) ) ;
#2983 = CARTESIAN_POINT ( 'NONE',  ( 130.7500000000000000, 0.000000000000000000, -31.27500000000000568 ) ) ;
#2984 = VECTOR ( 'NONE', #1943, 1000.000000000000000 ) ;
#2985 = EDGE_CURVE ( 'NONE', #2938, #3277, #1680, .T. ) ;
#2986 = EDGE_CURVE ( 'NONE', #3327, #371, #3087, .T. ) ;
#2987 = CARTESIAN_POINT ( 'NONE',  ( 40.43000000000000682, 0.000000000000000000, -28.00000000000019895 ) ) ;
#2988 = CIRCLE ( 'NONE', #2375, 1.024999999999998135 ) ;
#2989 = LINE ( 'NONE', #2503, #2497 ) ;
#2990 = CARTESIAN_POINT ( 'NONE',  ( 5.000000000000000000, -2.000000000000000000, -55.99999999999999289 ) ) ;
#2991 = DIRECTION ( 'NONE',  ( -0.8660254037844379305, 0.000000000000000000, -0.5000000000000014433 ) ) ;
#2992 = VECTOR ( 'NONE', #1239, 1000.000000000000000 ) ;
#2993 = ORIENTED_EDGE ( 'NONE', *, *, #530, .F. ) ;
#2994 = DIRECTION ( 'NONE',  ( 0.000000000000000000, 0.000000000000000000, -1.000000000000000000 ) ) ;
#2995 = VECTOR ( 'NONE', #1733, 1000.000000000000000 ) ;
#2996 = ORIENTED_EDGE ( 'NONE', *, *, #915, .T. ) ;
#2997 = ORIENTED_EDGE ( 'NONE', *, *, #505, .F. ) ;
#2998 = CYLINDRICAL_SURFACE ( 'NONE', #2656, 2.000000000000000000 ) ;
#2999 = CARTESIAN_POINT ( 'NONE',  ( 119.0800000000000125, 28.00000000000000000, -58.00000000000000000 ) ) ;
#3000 = CONICAL_SURFACE ( 'NONE', #1510, 1.274999999999998357, 0.7853981633974466137 ) ;
#3001 = ORIENTED_EDGE ( 'NONE', *, *, #888, .T. ) ;
#3002 = EDGE_LOOP ( 'NONE', ( #1746, #3073, #3370, #1545, #2233 ) ) ;
#3003 = AXIS2_PLACEMENT_3D ( 'NONE', #3347, #1291, #3415 ) ;
#3004 = DIRECTION ( 'NONE',  ( -1.156482317317841896E-16, 0.000000000000000000, 1.000000000000000000 ) ) ;
#3005 = LINE ( 'NONE', #2515, #97 ) ;
#3006 = VECTOR ( 'NONE', #1334, 1000.000000000000000 ) ;
#3007 = DIRECTION ( 'NONE',  ( 0.000000000000000000, 0.000000000000000000, 1.000000000000000000 ) ) ;
#3008 = EDGE_CURVE ( 'NONE', #2230, #694, #1952, .T. ) ;
#3009 = PRODUCT ( 'MountingGaugeButtonBoard', 'MountingGaugeButtonBoard', '', ( #2781 ) ) ;
#3010 = LINE ( 'NONE', #1478, #560 ) ;
#3011 = PERSON_AND_ORGANIZATION_ROLE ( 'creator' ) ;
#3012 = EDGE_CURVE ( 'NONE', #2218, #1710, #345, .T. ) ;
#3013 = DIRECTION ( 'NONE',  ( 0.000000000000000000, 0.000000000000000000, -1.000000000000000000 ) ) ;
#3014 = ORIENTED_EDGE ( 'NONE', *, *, #977, .F. ) ;
#3015 = DIRECTION ( 'NONE',  ( 1.000000000000000000, 0.000000000000000000, 0.000000000000000000 ) ) ;
#3016 = EDGE_CURVE ( 'NONE', #741, #1682, #2800, .T. ) ;
#3017 = ORIENTED_EDGE ( 'NONE', *, *, #676, .F. ) ;
#3018 = EDGE_LOOP ( 'NONE', ( #1330, #1248, #148, #1456 ) ) ;
#3019 = DIRECTION ( 'NONE',  ( -0.000000000000000000, 1.000000000000000000, -0.000000000000000000 ) ) ;
#3020 = DIRECTION ( 'NONE',  ( -0.5000000000000008882, -0.000000000000000000, -0.8660254037844381525 ) ) ;
#3021 = EDGE_LOOP ( 'NONE', ( #2354, #2955, #112, #1918 ) ) ;
#3022 = CARTESIAN_POINT ( 'NONE',  ( 137.5000000000000000, -1.999999999999998224, -56.00000000000000000 ) ) ;
#3023 = CARTESIAN_POINT ( 'NONE',  ( 45.43000000000000682, 1.074661193367632626E-14, -33.00000000000000000 ) ) ;
#3024 = CARTESIAN_POINT ( 'NONE',  ( 130.7500000000000000, 4.250000000000000000, -32.30000000000000426 ) ) ;
#3025 = DIRECTION ( 'NONE',  ( 0.000000000000000000, 0.000000000000000000, 1.000000000000000000 ) ) ;
#3026 = COORDINATED_UNIVERSAL_TIME_OFFSET ( 1, 0, .AHEAD. ) ;
#3027 = DIRECTION ( 'NONE',  ( -2.365532012695647203E-16, 1.000000000000000000, 0.000000000000000000 ) ) ;
#3028 = ADVANCED_FACE ( 'NONE', ( #2297 ), #326, .F. ) ;
#3029 = ORIENTED_EDGE ( 'NONE', *, *, #2664, .T. ) ;
#3030 = CARTESIAN_POINT ( 'NONE',  ( 92.58000000000001251, 0.000000000000000000, -28.00000000000000000 ) ) ;
#3031 = VERTEX_POINT ( 'NONE', #2999 ) ;
#3032 = EDGE_CURVE ( 'NONE', #1326, #531, #1223, .T. ) ;
#3033 = ORIENTED_EDGE ( 'NONE', *, *, #2844, .F. ) ;
#3034 = EDGE_CURVE ( 'NONE', #2737, #2572, #1748, .T. ) ;
#3035 = DIRECTION ( 'NONE',  ( 0.000000000000000000, -1.000000000000000000, 0.000000000000000000 ) ) ;
#3036 = ORIENTED_EDGE ( 'NONE', *, *, #864, .T. ) ;
#3037 = VERTEX_POINT ( 'NONE', #1957 ) ;
#3038 = LINE ( 'NONE', #2498, #622 ) ;
#3039 = AXIS2_PLACEMENT_3D ( 'NONE', #1101, #563, #2127 ) ;
#3040 = CARTESIAN_POINT ( 'NONE',  ( 3.000000000000002665, 0.000000000000000000, -38.49258438071942123 ) ) ;
#3041 = AXIS2_PLACEMENT_3D ( 'NONE', #926, #2518, #3326 ) ;
#3042 = DIRECTION ( 'NONE',  ( -1.000000000000000000, 1.734723475976806848E-16, 0.000000000000000000 ) ) ;
#3043 = CARTESIAN_POINT ( 'NONE',  ( 59.43000000000001393, 3.999999999999996447, -33.00000000000000000 ) ) ;
#3044 = CARTESIAN_POINT ( 'NONE',  ( 0.000000000000000000, 28.00000000000000000, -58.00000000000000000 ) ) ;
#3045 = AXIS2_PLACEMENT_3D ( 'NONE', #3320, #2443, #2184 ) ;
#3046 = DIRECTION ( 'NONE',  ( 1.000000000000000000, 2.365532012695647203E-16, 0.000000000000000000 ) ) ;
#3047 = EDGE_LOOP ( 'NONE', ( #3300, #3177, #1579, #3091 ) ) ;
#3048 = VECTOR ( 'NONE', #1962, 1000.000000000000000 ) ;
#3049 = DIRECTION ( 'NONE',  ( 1.000000000000000000, -0.000000000000000000, -7.771561172376095783E-14 ) ) ;
#3050 = AXIS2_PLACEMENT_3D ( 'NONE', #2388, #998, #3117 ) ;
#3051 = ORIENTED_EDGE ( 'NONE', *, *, #1787, .T. ) ;
#3052 = ORIENTED_EDGE ( 'NONE', *, *, #1760, .F. ) ;
#3053 = CIRCLE ( 'NONE', #51, 1.024999999999998135 ) ;
#3054 = LINE ( 'NONE', #658, #1220 ) ;
#3055 = EDGE_CURVE ( 'NONE', #3412, #3037, #1921, .T. ) ;
#3056 = AXIS2_PLACEMENT_3D ( 'NONE', #1953, #2488, #142 ) ;
#3057 = VERTEX_POINT ( 'NONE', #1685 ) ;
#3058 = ORIENTED_EDGE ( 'NONE', *, *, #1378, .F. ) ;
#3059 = VECTOR ( 'NONE', #1172, 1000.000000000000114 ) ;
#3060 = CARTESIAN_POINT ( 'NONE',  ( 137.5000000000000000, -2.000000000000000000, -58.00000000000000000 ) ) ;
#3061 = DIRECTION ( 'NONE',  ( 0.000000000000000000, 0.000000000000000000, -1.000000000000000000 ) ) ;
#3062 = VECTOR ( 'NONE', #485, 1000.000000000000000 ) ;
#3063 = DIRECTION ( 'NONE',  ( -1.000000000000000000, 0.000000000000000000, 0.000000000000000000 ) ) ;
#3064 = LINE ( 'NONE', #909, #2003 ) ;
#3065 = DIRECTION ( 'NONE',  ( 1.000000000000000000, 0.000000000000000000, 0.000000000000000000 ) ) ;
#3066 = VECTOR ( 'NONE', #2720, 1000.000000000000000 ) ;
#3067 = ORIENTED_EDGE ( 'NONE', *, *, #1533, .F. ) ;
#3068 = EDGE_LOOP ( 'NONE', ( #117, #78, #1628, #2596 ) ) ;
#3069 = DIRECTION ( 'NONE',  ( 1.000000000000000000, 2.365532012695647203E-16, 4.625929269271485914E-16 ) ) ;
#3070 = ORIENTED_EDGE ( 'NONE', *, *, #1337, .F. ) ;
#3071 = EDGE_LOOP ( 'NONE', ( #66, #1142, #2360, #1434 ) ) ;
#3072 = LINE ( 'NONE', #1195, #730 ) ;
#3074 = EDGE_CURVE ( 'NONE', #1713, #728, #681, .T. ) ;
#3073 = ORIENTED_EDGE ( 'NONE', *, *, #3399, .T. ) ;
#3075 = ORIENTED_EDGE ( 'NONE', *, *, #2703, .T. ) ;
#3076 = EDGE_CURVE ( 'NONE', #1789, #688, #2615, .T. ) ;
#3077 = LINE ( 'NONE', #2028, #3062 ) ;
#3078 = DIRECTION ( 'NONE',  ( 0.000000000000000000, 0.000000000000000000, -1.000000000000000000 ) ) ;
#3079 = EDGE_CURVE ( 'NONE', #2063, #688, #1162, .T. ) ;
#3080 = ADVANCED_FACE ( 'NONE', ( #2698 ), #346, .F. ) ;
#3081 = CARTESIAN_POINT ( 'NONE',  ( 13.89999999999999858, 3.999999999999998224, -58.00000000000000000 ) ) ;
#3082 = DIRECTION ( 'NONE',  ( 2.365532012695647203E-16, -1.000000000000000000, -0.000000000000000000 ) ) ;
#3083 = DIRECTION ( 'NONE',  ( 0.000000000000000000, -1.000000000000000000, 0.000000000000000000 ) ) ;
#3084 = CARTESIAN_POINT ( 'NONE',  ( 8.750000000000000000, -1.734723475976807094E-15, -33.57500000000000284 ) ) ;
#3085 = VERTEX_POINT ( 'NONE', #1406 ) ;
#3086 = CARTESIAN_POINT ( 'NONE',  ( 8.000000000000039080, 0.000000000000000000, -23.00000000000000355 ) ) ;
#3087 = LINE ( 'NONE', #3285, #1289 ) ;
#3088 = VERTEX_POINT ( 'NONE', #1421 ) ;
#3089 = ORIENTED_EDGE ( 'NONE', *, *, #2141, .F. ) ;
#3090 = CARTESIAN_POINT ( 'NONE',  ( 100.0799999999999983, 28.00000000000000000, -56.00000000000000000 ) ) ;
#3091 = ORIENTED_EDGE ( 'NONE', *, *, #2538, .F. ) ;
#3092 = VERTEX_POINT ( 'NONE', #2181 ) ;
#3093 = DIRECTION ( 'NONE',  ( 0.000000000000000000, -1.000000000000000000, 0.000000000000000000 ) ) ;
#3094 = DIRECTION ( 'NONE',  ( 0.000000000000000000, -1.000000000000000000, 0.000000000000000000 ) ) ;
#3095 = DIRECTION ( 'NONE',  ( 0.000000000000000000, -1.000000000000000000, 0.000000000000000000 ) ) ;
#3096 = FACE_OUTER_BOUND ( 'NONE', #224, .T. ) ;
#3097 = DIRECTION ( 'NONE',  ( -0.000000000000000000, 1.000000000000000000, -0.000000000000000000 ) ) ;
#3098 = CC_DESIGN_PERSON_AND_ORGANIZATION_ASSIGNMENT ( #945, #3011, ( #1044 ) ) ;
#3099 = VECTOR ( 'NONE', #2294, 1000.000000000000000 ) ;
#3100 = EDGE_CURVE ( 'NONE', #2235, #928, #64, .T. ) ;
#3101 = CC_DESIGN_APPROVAL ( #2222, ( #1044 ) ) ;
#3102 = ORIENTED_EDGE ( 'NONE', *, *, #1030, .T. ) ;
#3103 = CONICAL_SURFACE ( 'NONE', #155, 1.274999999999998357, 0.7853981633974430610 ) ;
#3104 = CARTESIAN_POINT ( 'NONE',  ( 38.27999999999999403, 0.000000000000000000, -56.00000000000000000 ) ) ;
#3105 = FACE_OUTER_BOUND ( 'NONE', #3112, .T. ) ;
#3106 = AXIS2_PLACEMENT_3D ( 'NONE', #2108, #2412, #1070 ) ;
#3107 = EDGE_LOOP ( 'NONE', ( #2090, #707, #1297, #1235, #2822 ) ) ;
#3108 = ORIENTED_EDGE ( 'NONE', *, *, #2820, .F. ) ;
#3109 = CARTESIAN_POINT ( 'NONE',  ( 38.27999999999999403, 3.999999999999998224, -58.00000000000000000 ) ) ;
#3110 = AXIS2_PLACEMENT_3D ( 'NONE', #2850, #2551, #685 ) ;
#3111 = ORIENTED_EDGE ( 'NONE', *, *, #1528, .T. ) ;
#3112 = EDGE_LOOP ( 'NONE', ( #3282, #974, #1564, #1284 ) ) ;
#3113 = DIRECTION ( 'NONE',  ( 0.000000000000000000, 0.000000000000000000, -1.000000000000000000 ) ) ;
#3114 = AXIS2_PLACEMENT_3D ( 'NONE', #567, #2129, #1347 ) ;
#3115 = DIRECTION ( 'NONE',  ( -0.000000000000000000, 1.000000000000000000, -0.000000000000000000 ) ) ;
#3116 = VECTOR ( 'NONE', #1039, 1000.000000000000000 ) ;
#3117 = DIRECTION ( 'NONE',  ( 0.000000000000000000, 0.000000000000000000, 1.000000000000000000 ) ) ;
#3118 = DIRECTION ( 'NONE',  ( -0.000000000000000000, 1.000000000000000000, -0.000000000000000000 ) ) ;
#3119 = CARTESIAN_POINT ( 'NONE',  ( 98.07999999999999829, 28.00000000000000000, -56.00000000000000000 ) ) ;
#3120 = VECTOR ( 'NONE', #1794, 1000.000000000000000 ) ;
#3121 = VERTEX_POINT ( 'NONE', #3248 ) ;
#3122 = ADVANCED_FACE ( 'NONE', ( #2022 ), #2458, .F. ) ;
#3123 = VECTOR ( 'NONE', #3413, 1000.000000000000000 ) ;
#3124 = FACE_OUTER_BOUND ( 'NONE', #986, .T. ) ;
#3125 = ADVANCED_FACE ( 'NONE', ( #1144 ), #2315, .F. ) ;
#3126 = LINE ( 'NONE', #1557, #1489 ) ;
#3127 = VERTEX_POINT ( 'NONE', #881 ) ;
#3128 = VERTEX_POINT ( 'NONE', #1937 ) ;
#3129 = DIRECTION ( 'NONE',  ( 2.365532012695647203E-16, -1.000000000000000000, -0.000000000000000000 ) ) ;
#3130 = ADVANCED_FACE ( 'NONE', ( #903 ), #1814, .F. ) ;
#3131 = ORIENTED_EDGE ( 'NONE', *, *, #2627, .T. ) ;
#3132 = ORIENTED_EDGE ( 'NONE', *, *, #1880, .T. ) ;
#3133 = CARTESIAN_POINT ( 'NONE',  ( 137.5000000000000000, -1.999999999999998224, -15.00000000000000000 ) ) ;
#3134 = CARTESIAN_POINT ( 'NONE',  ( 87.57999999999999829, 0.000000000000000000, -33.00000000000000000 ) ) ;
#3135 = CARTESIAN_POINT ( 'NONE',  ( 31.27999999999999403, 0.000000000000000000, -28.00000000000000355 ) ) ;
#3136 = CARTESIAN_POINT ( 'NONE',  ( 136.5000000000000000, 0.000000000000000000, -56.00000000000000000 ) ) ;
#3137 = PERSON_AND_ORGANIZATION ( #1884, #713 ) ;
#3138 = FACE_OUTER_BOUND ( 'NONE', #874, .T. ) ;
#3139 = ORIENTED_EDGE ( 'NONE', *, *, #3232, .T. ) ;
#3140 = CARTESIAN_POINT ( 'NONE',  ( 17.28000000000000114, 4.087639317938078935E-15, -28.00000000000000355 ) ) ;
#3141 = DIRECTION ( 'NONE',  ( -2.365532012695647203E-16, 1.000000000000000000, 0.000000000000000000 ) ) ;
#3142 = EDGE_CURVE ( 'NONE', #1046, #1931, #3419, .T. ) ;
#3143 = ORIENTED_EDGE ( 'NONE', *, *, #336, .T. ) ;
#3144 = CARTESIAN_POINT ( 'NONE',  ( 12.43943481657403005, -2.000000000000000000, -23.52165700207143573 ) ) ;
#3145 = EDGE_CURVE ( 'NONE', #3088, #1384, #3264, .T. ) ;
#3146 = EDGE_CURVE ( 'NONE', #966, #408, #517, .T. ) ;
#3147 = ORIENTED_EDGE ( 'NONE', *, *, #2199, .T. ) ;
#3148 = ORIENTED_EDGE ( 'NONE', *, *, #252, .F. ) ;
#3149 = DIRECTION ( 'NONE',  ( 0.000000000000000000, 1.000000000000000000, 0.000000000000000000 ) ) ;
#3150 = CARTESIAN_POINT ( 'NONE',  ( 10.28000000000000647, -33.07213933207226830, -56.00000000000000000 ) ) ;
#3151 = CARTESIAN_POINT ( 'NONE',  ( 136.5000000000000000, -2.000000000000000000, -38.49258438071941413 ) ) ;
#3152 = DATE_AND_TIME ( #1843, #1492 ) ;
#3153 = LINE ( 'NONE', #769, #2980 ) ;
#3154 = VERTEX_POINT ( 'NONE', #3431 ) ;
#3155 = CYLINDRICAL_SURFACE ( 'NONE', #1940, 2.000000000000001776 ) ;
#3156 = DIRECTION ( 'NONE',  ( 0.000000000000000000, 0.000000000000000000, -1.000000000000000000 ) ) ;
#3157 = AXIS2_PLACEMENT_3D ( 'NONE', #2839, #196, #2905 ) ;
#3158 = ORIENTED_EDGE ( 'NONE', *, *, #802, .F. ) ;
#3159 = AXIS2_PLACEMENT_3D ( 'NONE', #1745, #2229, #650 ) ;
#3160 = DIRECTION ( 'NONE',  ( 0.8660254037844387076, 0.000000000000000000, -0.4999999999999998890 ) ) ;
#3161 = CIRCLE ( 'NONE', #215, 2.000000000000001776 ) ;
#3162 = ORIENTED_EDGE ( 'NONE', *, *, #617, .F. ) ;
#3163 = VERTEX_POINT ( 'NONE', #2314 ) ;
#3164 = VECTOR ( 'NONE', #1928, 1000.000000000000000 ) ;
#3165 = DIRECTION ( 'NONE',  ( 0.000000000000000000, -1.000000000000000000, 0.000000000000000000 ) ) ;
#3166 = EDGE_CURVE ( 'NONE', #2526, #2895, #1927, .T. ) ;
#3167 = DIRECTION ( 'NONE',  ( -0.000000000000000000, -1.000000000000000000, -0.000000000000000000 ) ) ;
#3168 = APPLICATION_CONTEXT ( 'configuration controlled 3d designs of mechanical parts and assemblies' ) ;
#3169 = CIRCLE ( 'NONE', #165, 2.000000000000001776 ) ;
#3170 = LINE ( 'NONE', #852, #2336 ) ;
#3171 = DIRECTION ( 'NONE',  ( 2.891205793294678326E-16, 1.000000000000000000, -0.000000000000000000 ) ) ;
#3172 = VECTOR ( 'NONE', #58, 1000.000000000000000 ) ;
#3173 = CARTESIAN_POINT ( 'NONE',  ( 129.0074156192806072, 0.000000000000000000, -23.00000000000000355 ) ) ;
#3174 = CYLINDRICAL_SURFACE ( 'NONE', #2662, 3.893700871709253164 ) ;
#3175 = DIRECTION ( 'NONE',  ( 0.000000000000000000, 0.000000000000000000, 1.000000000000000000 ) ) ;
#3176 = AXIS2_PLACEMENT_3D ( 'NONE', #718, #488, #457 ) ;
#3177 = ORIENTED_EDGE ( 'NONE', *, *, #136, .F. ) ;
#3178 = VECTOR ( 'NONE', #2674, 1000.000000000000000 ) ;
#3179 = DIRECTION ( 'NONE',  ( 0.000000000000000000, -0.000000000000000000, -1.000000000000000000 ) ) ;
#3180 = AXIS2_PLACEMENT_3D ( 'NONE', #850, #3353, #2961 ) ;
#3181 = ORIENTED_EDGE ( 'NONE', *, *, #377, .F. ) ;
#3182 = ORIENTED_EDGE ( 'NONE', *, *, #1270, .F. ) ;
#3183 = CARTESIAN_POINT ( 'NONE',  ( 31.28000000000000114, -33.07213933207226120, -33.00000000000000000 ) ) ;
#3184 = EDGE_CURVE ( 'NONE', #161, #1951, #320, .T. ) ;
#3185 = FACE_OUTER_BOUND ( 'NONE', #878, .T. ) ;
#3186 = LINE ( 'NONE', #1082, #60 ) ;
#3187 = DIRECTION ( 'NONE',  ( 0.000000000000000000, -1.000000000000000000, 0.000000000000000000 ) ) ;
#3188 = EDGE_CURVE ( 'NONE', #3154, #3085, #3126, .T. ) ;
#3189 = EDGE_CURVE ( 'NONE', #1178, #3211, #1055, .T. ) ;
#3190 = DIRECTION ( 'NONE',  ( -2.891205793294678326E-16, -1.000000000000000000, 0.000000000000000000 ) ) ;
#3191 = DIRECTION ( 'NONE',  ( 2.891205793294678326E-16, 1.000000000000000000, -0.000000000000000000 ) ) ;
#3192 = DIRECTION ( 'NONE',  ( 0.000000000000000000, 0.000000000000000000, -1.000000000000000000 ) ) ;
#3193 = ORIENTED_EDGE ( 'NONE', *, *, #2351, .T. ) ;
#3194 = DIRECTION ( 'NONE',  ( 0.000000000000000000, 1.000000000000000000, 0.000000000000000000 ) ) ;
#3195 = ORIENTED_EDGE ( 'NONE', *, *, #1697, .T. ) ;
#3196 = VERTEX_POINT ( 'NONE', #1026 ) ;
#3197 = DIRECTION ( 'NONE',  ( -2.365532012695647203E-16, 1.000000000000000000, 0.000000000000000000 ) ) ;
#3198 = DIRECTION ( 'NONE',  ( -1.000000000000000000, 0.000000000000000000, 0.000000000000000000 ) ) ;
#3199 = LINE ( 'NONE', #2898, #1433 ) ;
#3200 = LINE ( 'NONE', #3427, #8 ) ;
#3201 = CARTESIAN_POINT ( 'NONE',  ( 3.521657002071436171, -2.000000000000000000, -40.43943481657405670 ) ) ;
#3202 = FACE_OUTER_BOUND ( 'NONE', #3021, .T. ) ;
#3203 = DIRECTION ( 'NONE',  ( -1.000000000000000000, -0.000000000000000000, -0.000000000000000000 ) ) ;
#3204 = LINE ( 'NONE', #1879, #2699 ) ;
#3205 = ADVANCED_FACE ( 'NONE', ( #3105 ), #1798, .F. ) ;
#3206 = EDGE_CURVE ( 'NONE', #847, #2068, #3406, .T. ) ;
#3207 = EDGE_LOOP ( 'NONE', ( #2909, #2490, #3393, #3036 ) ) ;
#3208 = DIRECTION ( 'NONE',  ( 0.000000000000000000, 0.000000000000000000, -1.000000000000000000 ) ) ;
#3209 = VECTOR ( 'NONE', #1862, 1000.000000000000000 ) ;
#3210 = VECTOR ( 'NONE', #86, 1000.000000000000000 ) ;
#3211 = VERTEX_POINT ( 'NONE', #217 ) ;
#3212 = ORIENTED_EDGE ( 'NONE', *, *, #1846, .T. ) ;
#3213 = DIRECTION ( 'NONE',  ( 0.000000000000000000, 1.000000000000000000, 0.000000000000000000 ) ) ;
#3214 = CIRCLE ( 'NONE', #2705, 2.000000000000001776 ) ;
#3215 = CARTESIAN_POINT ( 'NONE',  ( 70.07999999999999829, 28.00000000000000000, -56.00000000000000000 ) ) ;
#3216 = CARTESIAN_POINT ( 'NONE',  ( 40.43000000000000682, 0.000000000000000000, -33.00000000000000000 ) ) ;
#3217 = AXIS2_PLACEMENT_3D ( 'NONE', #2637, #1342, #2361 ) ;
#3218 = ORIENTED_EDGE ( 'NONE', *, *, #2564, .F. ) ;
#3219 = DIRECTION ( 'NONE',  ( -2.365532012695647203E-16, 1.000000000000000000, 0.000000000000000000 ) ) ;
#3220 = DIRECTION ( 'NONE',  ( -1.000000000000000000, 0.000000000000000000, 0.000000000000000000 ) ) ;
#3221 = CYLINDRICAL_SURFACE ( 'NONE', #328, 2.000000000000001776 ) ;
#3222 = DIRECTION ( 'NONE',  ( 0.000000000000000000, 0.000000000000000000, -1.000000000000000000 ) ) ;
#3223 = CARTESIAN_POINT ( 'NONE',  ( 68.58000000000001251, 4.000000000000002665, -28.00000000000000355 ) ) ;
#3224 = VECTOR ( 'NONE', #1711, 1000.000000000000000 ) ;
#3225 = ADVANCED_FACE ( 'NONE', ( #2110 ), #724, .F. ) ;
#3226 = ORIENTED_EDGE ( 'NONE', *, *, #1991, .F. ) ;
#3227 = ADVANCED_FACE ( 'NONE', ( #1258 ), #791, .T. ) ;
#3228 = AXIS2_PLACEMENT_3D ( 'NONE', #509, #2851, #1757 ) ;
#3229 = LINE ( 'NONE', #2663, #1617 ) ;
#3230 = VECTOR ( 'NONE', #2013, 1000.000000000000000 ) ;
#3231 = ORIENTED_EDGE ( 'NONE', *, *, #3421, .F. ) ;
#3232 = EDGE_CURVE ( 'NONE', #1648, #1515, #2257, .T. ) ;
#3233 = ORIENTED_EDGE ( 'NONE', *, *, #1251, .T. ) ;
#3234 = EDGE_CURVE ( 'NONE', #774, #338, #2480, .T. ) ;
#3235 = CARTESIAN_POINT ( 'NONE',  ( 0.000000000000000000, 0.000000000000000000, -28.00000000000000355 ) ) ;
#3236 = VECTOR ( 'NONE', #1547, 1000.000000000000000 ) ;
#3237 = CARTESIAN_POINT ( 'NONE',  ( 108.5800000000000125, 28.00000000000000000, -28.00000000000000355 ) ) ;
#3238 = VERTEX_POINT ( 'NONE', #1040 ) ;
#3239 = CARTESIAN_POINT ( 'NONE',  ( 119.0800000000000125, 3.999999999999995559, -58.00000000000000000 ) ) ;
#3240 = CARTESIAN_POINT ( 'NONE',  ( 24.40000000000000568, 0.000000000000000000, -28.00000000000000355 ) ) ;
#3241 = DIRECTION ( 'NONE',  ( -2.365532012695647203E-16, 1.000000000000000000, 0.000000000000000000 ) ) ;
#3242 = PLANE ( 'NONE',  #3039 ) ;
#3243 = ORIENTED_EDGE ( 'NONE', *, *, #3265, .T. ) ;
#3244 = DIRECTION ( 'NONE',  ( -7.885106708985501360E-17, 1.000000000000000000, 0.000000000000000000 ) ) ;
#3245 = ORIENTED_EDGE ( 'NONE', *, *, #1740, .T. ) ;
#3246 = ORIENTED_EDGE ( 'NONE', *, *, #2307, .T. ) ;
#3247 = CARTESIAN_POINT ( 'NONE',  ( 117.0800000000000125, 3.999999999999995559, -28.00000000000000355 ) ) ;
#3248 = CARTESIAN_POINT ( 'NONE',  ( 2.999999999999999556, 0.000000000000000000, -58.00000000000000000 ) ) ;
#3249 = ADVANCED_FACE ( 'NONE', ( #772 ), #263, .F. ) ;
#3250 = VERTEX_POINT ( 'NONE', #235 ) ;
#3251 = FACE_OUTER_BOUND ( 'NONE', #1459, .T. ) ;
#3252 = CARTESIAN_POINT ( 'NONE',  ( 70.07999999999999829, 4.000000000000000000, -56.00000000000000000 ) ) ;
#3253 = CARTESIAN_POINT ( 'NONE',  ( 124.5000000000000142, 0.000000000000000000, -25.00000000000000000 ) ) ;
#3254 = FACE_OUTER_BOUND ( 'NONE', #1736, .T. ) ;
#3255 = LINE ( 'NONE', #3223, #1208 ) ;
#3256 = CARTESIAN_POINT ( 'NONE',  ( 129.0074156192806072, -2.000000000000000000, -26.89370087170925672 ) ) ;
#3257 = ORIENTED_EDGE ( 'NONE', *, *, #931, .F. ) ;
#3258 = CARTESIAN_POINT ( 'NONE',  ( 130.7500000000000000, -1.734723475976807094E-15, -33.57500000000000284 ) ) ;
#3259 = ORIENTED_EDGE ( 'NONE', *, *, #2406, .F. ) ;
#3260 = VERTEX_POINT ( 'NONE', #479 ) ;
#3261 = FACE_OUTER_BOUND ( 'NONE', #1531, .T. ) ;
#3262 = DIRECTION ( 'NONE',  ( 0.000000000000000000, 0.000000000000000000, -1.000000000000000000 ) ) ;
#3263 = CIRCLE ( 'NONE', #41, 3.893700871709253164 ) ;
#3264 = CIRCLE ( 'NONE', #94, 2.000000000000001776 ) ;
#3266 = VERTEX_POINT ( 'NONE', #2692 ) ;
#3265 = EDGE_CURVE ( 'NONE', #1139, #2971, #2038, .T. ) ;
#3267 = ORIENTED_EDGE ( 'NONE', *, *, #1025, .F. ) ;
#3268 = CONICAL_SURFACE ( 'NONE', #2875, 1.024999999999998135, 1.029744258676653423 ) ;
#3269 = ADVANCED_FACE ( 'NONE', ( #335 ), #3242, .F. ) ;
#3270 = CARTESIAN_POINT ( 'NONE',  ( 101.5800000000000125, 3.999999999999997335, -28.00000000000000355 ) ) ;
#3271 = LINE ( 'NONE', #120, #823 ) ;
#3272 = VECTOR ( 'NONE', #3305, 1000.000000000000000 ) ;
#3273 = DIRECTION ( 'NONE',  ( 0.000000000000000000, -1.000000000000000000, 0.000000000000000000 ) ) ;
#3274 = CONICAL_SURFACE ( 'NONE', #273, 1.024999999999998135, 1.029744258676654090 ) ;
#3275 = DIRECTION ( 'NONE',  ( -1.000000000000000000, 0.000000000000000000, 0.000000000000000000 ) ) ;
#3276 = APPROVAL_STATUS ( 'not_yet_approved' ) ;
#3277 = VERTEX_POINT ( 'NONE', #2678 ) ;
#3278 = VECTOR ( 'NONE', #2960, 1000.000000000000000 ) ;
#3279 = VERTEX_POINT ( 'NONE', #615 ) ;
#3280 = CARTESIAN_POINT ( 'NONE',  ( 8.750000000000000000, -1.734723475976807094E-15, -31.02500000000000568 ) ) ;
#3281 = AXIS2_PLACEMENT_3D ( 'NONE', #482, #758, #220 ) ;
#3282 = ORIENTED_EDGE ( 'NONE', *, *, #1590, .F. ) ;
#3283 = ORIENTED_EDGE ( 'NONE', *, *, #1761, .F. ) ;
#3284 = DIRECTION ( 'NONE',  ( -1.000000000000000000, 0.000000000000000000, 0.000000000000000000 ) ) ;
#3285 = CARTESIAN_POINT ( 'NONE',  ( 134.5000000000000000, -2.000000000000000000, -43.00000000000000000 ) ) ;
#3286 = AXIS2_PLACEMENT_3D ( 'NONE', #1035, #2570, #1020 ) ;
#3287 = ORIENTED_EDGE ( 'NONE', *, *, #2494, .F. ) ;
#3288 = AXIS2_PLACEMENT_3D ( 'NONE', #1033, #1791, #2848 ) ;
#3289 = DIRECTION ( 'NONE',  ( 2.365532012695647203E-16, -1.000000000000000000, -0.000000000000000000 ) ) ;
#3290 = ADVANCED_FACE ( 'NONE', ( #2954 ), #2379, .F. ) ;
#3291 = CARTESIAN_POINT ( 'NONE',  ( 8.000000000000000000, 0.000000000000000000, -28.00000000000000000 ) ) ;
#3292 = AXIS2_PLACEMENT_3D ( 'NONE', #46, #2670, #1365 ) ;
#3293 = CARTESIAN_POINT ( 'NONE',  ( 10.27999999999999758, 0.000000000000000000, -56.00000000000000000 ) ) ;
#3294 = CARTESIAN_POINT ( 'NONE',  ( 34.90000000000000568, 28.00000000000000000, -58.00000000000000000 ) ) ;
#3295 = CARTESIAN_POINT ( 'NONE',  ( 36.27999999999999403, 0.000000000000000000, -33.00000000000000000 ) ) ;
#3296 = EDGE_CURVE ( 'NONE', #770, #2736, #2094, .T. ) ;
#3297 = EDGE_CURVE ( 'NONE', #2579, #966, #597, .T. ) ;
#3298 = ORIENTED_EDGE ( 'NONE', *, *, #37, .T. ) ;
#3299 = CARTESIAN_POINT ( 'NONE',  ( 5.000000000000000000, 0.000000000000000000, -55.99999999999999289 ) ) ;
#3300 = ORIENTED_EDGE ( 'NONE', *, *, #568, .F. ) ;
#3301 = ORIENTED_EDGE ( 'NONE', *, *, #2844, .T. ) ;
#3302 = CARTESIAN_POINT ( 'NONE',  ( 117.0800000000000125, 3.999999999999996447, -56.00000000000000000 ) ) ;
#3303 = ORIENTED_EDGE ( 'NONE', *, *, #246, .T. ) ;
#3304 = CARTESIAN_POINT ( 'NONE',  ( 64.43000000000000682, 4.000000000000001776, -33.00000000000000000 ) ) ;
#3305 = DIRECTION ( 'NONE',  ( -0.000000000000000000, -1.000000000000000000, -0.000000000000000000 ) ) ;
#3306 = LINE ( 'NONE', #2987, #496 ) ;
#3307 = CARTESIAN_POINT ( 'NONE',  ( 40.43000000000001393, -33.07213933207226120, -28.00000000000019895 ) ) ;
#3308 = CARTESIAN_POINT ( 'NONE',  ( 8.750000000000000000, 0.000000000000000000, -33.32500000000000284 ) ) ;
#3309 = FACE_OUTER_BOUND ( 'NONE', #3334, .T. ) ;
#3310 = ORIENTED_EDGE ( 'NONE', *, *, #122, .T. ) ;
#3311 = LINE ( 'NONE', #1983, #281 ) ;
#3312 = EDGE_CURVE ( 'NONE', #2869, #1589, #542, .T. ) ;
#3313 = ORIENTED_EDGE ( 'NONE', *, *, #2100, .T. ) ;
#3314 = ORIENTED_EDGE ( 'NONE', *, *, #3079, .T. ) ;
#3315 = DIRECTION ( 'NONE',  ( -1.000000000000000000, 0.000000000000000000, 0.000000000000000000 ) ) ;
#3316 = ORIENTED_EDGE ( 'NONE', *, *, #3377, .F. ) ;
#3317 = ORIENTED_EDGE ( 'NONE', *, *, #2159, .F. ) ;
#3318 = CARTESIAN_POINT ( 'NONE',  ( 31.27999999999999403, 0.000000000000000000, -33.00000000000000000 ) ) ;
#3319 = AXIS2_PLACEMENT_3D ( 'NONE', #2399, #1119, #54 ) ;
#3320 = CARTESIAN_POINT ( 'NONE',  ( 129.0074156192806072, -2.000000000000000000, -26.89370087170925672 ) ) ;
#3321 = AXIS2_PLACEMENT_3D ( 'NONE', #3381, #1001, #2056 ) ;
#3322 = LINE ( 'NONE', #907, #442 ) ;
#3323 = DIRECTION ( 'NONE',  ( 2.365532012695647203E-16, -1.000000000000000000, 0.000000000000000000 ) ) ;
#3324 = PERSON_AND_ORGANIZATION ( #1884, #713 ) ;
#3325 = CIRCLE ( 'NONE', #1322, 3.893700871709260269 ) ;
#3326 = DIRECTION ( 'NONE',  ( 1.000000000000000000, 0.000000000000000000, 0.000000000000000000 ) ) ;
#3327 = VERTEX_POINT ( 'NONE', #2936 ) ;
#3328 = AXIS2_PLACEMENT_3D ( 'NONE', #1913, #526, #315 ) ;
#3329 = CARTESIAN_POINT ( 'NONE',  ( 43.93000000000000682, 4.000000000000000000, -56.00000000000000000 ) ) ;
#3330 = EDGE_CURVE ( 'NONE', #2068, #1076, #1430, .T. ) ;
#3331 = VECTOR ( 'NONE', #1793, 1000.000000000000000 ) ;
#3332 = ADVANCED_FACE ( 'NONE', ( #1640 ), #2157, .T. ) ;
#3333 = ORIENTED_EDGE ( 'NONE', *, *, #1402, .T. ) ;
#3334 = EDGE_LOOP ( 'NONE', ( #1383, #2732, #484, #198 ) ) ;
#3335 = AXIS2_PLACEMENT_3D ( 'NONE', #2300, #3371, #1527 ) ;
#3336 = LINE ( 'NONE', #2803, #2715 ) ;
#3337 = EDGE_CURVE ( 'NONE', #2249, #1159, #2187, .T. ) ;
#3338 = VECTOR ( 'NONE', #2888, 1000.000000000000000 ) ;
#3339 = EDGE_CURVE ( 'NONE', #1988, #1696, #3204, .T. ) ;
#3340 = EDGE_LOOP ( 'NONE', ( #2158, #289, #2069, #514 ) ) ;
#3341 = VERTEX_POINT ( 'NONE', #2990 ) ;
#3342 = VECTOR ( 'NONE', #1574, 1000.000000000000000 ) ;
#3343 = DIRECTION ( 'NONE',  ( -2.365532012695647203E-16, 1.000000000000000000, 0.000000000000000000 ) ) ;
#3344 = FACE_OUTER_BOUND ( 'NONE', #1541, .T. ) ;
#3345 = CIRCLE ( 'NONE', #2504, 4.999999999999997335 ) ;
#3346 = DIRECTION ( 'NONE',  ( 0.000000000000000000, 0.000000000000000000, -1.000000000000000000 ) ) ;
#3347 = CARTESIAN_POINT ( 'NONE',  ( 101.5800000000000125, 3.999999999999997335, -33.00000000000000000 ) ) ;
#3348 = APPROVAL_ROLE ( '' ) ;
#3349 = CIRCLE ( 'NONE', #1018, 2.000000000000001776 ) ;
#3350 = DIRECTION ( 'NONE',  ( -1.000000000000000000, 2.040851148208008245E-16, 0.000000000000000000 ) ) ;
#3351 = ORIENTED_EDGE ( 'NONE', *, *, #933, .T. ) ;
#3352 = DIRECTION ( 'NONE',  ( -0.5000000000000008882, -0.000000000000000000, -0.8660254037844381525 ) ) ;
#3353 = DIRECTION ( 'NONE',  ( -0.000000000000000000, 1.000000000000000000, -0.000000000000000000 ) ) ;
#3354 = ORIENTED_EDGE ( 'NONE', *, *, #1023, .T. ) ;
#3355 = ORIENTED_EDGE ( 'NONE', *, *, #2564, .T. ) ;
#3356 = DIRECTION ( 'NONE',  ( -1.000000000000000000, 0.000000000000000000, 0.000000000000000000 ) ) ;
#3357 = ORIENTED_EDGE ( 'NONE', *, *, #717, .F. ) ;
#3358 = ORIENTED_EDGE ( 'NONE', *, *, #3166, .F. ) ;
#3359 = CC_DESIGN_PERSON_AND_ORGANIZATION_ASSIGNMENT ( #1810, #2621, ( #599 ) ) ;
#3360 = DIRECTION ( 'NONE',  ( -1.000000000000000000, 0.000000000000000000, 0.000000000000000000 ) ) ;
#3361 = EDGE_CURVE ( 'NONE', #679, #2682, #3378, .T. ) ;
#3362 = CARTESIAN_POINT ( 'NONE',  ( 8.750000000000000000, 0.000000000000000000, -31.27500000000000568 ) ) ;
#3363 = CARTESIAN_POINT ( 'NONE',  ( 15.89999999999999680, 3.999999999999998224, -36.50000000000000711 ) ) ;
#3364 = CARTESIAN_POINT ( 'NONE',  ( 10.49258438071939992, 0.000000000000000000, -26.89370087170925672 ) ) ;
#3365 = CARTESIAN_POINT ( 'NONE',  ( 8.749999999999998224, 4.865882134503248579, -32.30000000000000426 ) ) ;
#3366 = EDGE_LOOP ( 'NONE', ( #3411, #795, #859, #2269 ) ) ;
#3367 = DIRECTION ( 'NONE',  ( 0.000000000000000000, 0.000000000000000000, 1.000000000000000000 ) ) ;
#3368 = CARTESIAN_POINT ( 'NONE',  ( 122.5800000000000267, 3.999999999999996447, -56.00000000000000000 ) ) ;
#3369 = ORIENTED_EDGE ( 'NONE', *, *, #1533, .T. ) ;
#3370 = ORIENTED_EDGE ( 'NONE', *, *, #3142, .T. ) ;
#3371 = DIRECTION ( 'NONE',  ( -0.000000000000000000, 1.000000000000000000, -0.000000000000000000 ) ) ;
#3372 = ORIENTED_EDGE ( 'NONE', *, *, #3232, .F. ) ;
#3373 = ORIENTED_EDGE ( 'NONE', *, *, #2196, .F. ) ;
#3374 = CARTESIAN_POINT ( 'NONE',  ( 87.57999999999999829, 3.999999999999996447, -28.00000000000000355 ) ) ;
#3375 = EDGE_CURVE ( 'NONE', #774, #256, #3255, .T. ) ;
#3376 = DIRECTION ( 'NONE',  ( 0.000000000000000000, 0.000000000000000000, -1.000000000000000000 ) ) ;
#3377 = EDGE_CURVE ( 'NONE', #1753, #3088, #301, .T. ) ;
#3378 = CIRCLE ( 'NONE', #2977, 1.274999999999998357 ) ;
#3379 = DIRECTION ( 'NONE',  ( -2.891205793294678326E-16, -1.000000000000000000, 0.000000000000000000 ) ) ;
#3380 = DIRECTION ( 'NONE',  ( -0.000000000000000000, 1.000000000000000000, -0.000000000000000000 ) ) ;
#3381 = CARTESIAN_POINT ( 'NONE',  ( 130.7500000000000000, -1.734723475976807094E-15, -32.30000000000000426 ) ) ;
#3382 = CIRCLE ( 'NONE', #3159, 1.274999999999998357 ) ;
#3383 = EDGE_CURVE ( 'NONE', #1262, #2345, #1817, .T. ) ;
#3384 = ORIENTED_EDGE ( 'NONE', *, *, #887, .T. ) ;
#3385 = VECTOR ( 'NONE', #610, 1000.000000000000000 ) ;
#3386 = DIRECTION ( 'NONE',  ( -2.365532012695647203E-16, 1.000000000000000000, 0.000000000000000000 ) ) ;
#3387 = CARTESIAN_POINT ( 'NONE',  ( 8.000000000000000000, -2.000000000000000000, -28.00000000000000000 ) ) ;
#3388 = VECTOR ( 'NONE', #3190, 1000.000000000000000 ) ;
#3389 = ORIENTED_EDGE ( 'NONE', *, *, #1378, .T. ) ;
#3390 = EDGE_LOOP ( 'NONE', ( #129, #3070, #2468, #2036 ) ) ;
#3391 = FACE_OUTER_BOUND ( 'NONE', #357, .T. ) ;
#3392 = CIRCLE ( 'NONE', #1276, 4.999999999999997335 ) ;
#3393 = ORIENTED_EDGE ( 'NONE', *, *, #3184, .F. ) ;
#3394 = VECTOR ( 'NONE', #2874, 1000.000000000000000 ) ;
#3395 = ORIENTED_EDGE ( 'NONE', *, *, #33, .T. ) ;
#3396 = CARTESIAN_POINT ( 'NONE',  ( 59.43000000000001393, 3.999999999999998224, -28.00000000000000355 ) ) ;
#3397 = DIRECTION ( 'NONE',  ( -0.000000000000000000, -1.000000000000000000, 0.000000000000000000 ) ) ;
#3398 = AXIS2_PLACEMENT_3D ( 'NONE', #593, #3191, #1655 ) ;
#3399 = EDGE_CURVE ( 'NONE', #2790, #1046, #1359, .T. ) ;
#3400 = CARTESIAN_POINT ( 'NONE',  ( 73.58000000000002672, 3.999999999999998224, -33.00000000000000000 ) ) ;
#3401 = CYLINDRICAL_SURFACE ( 'NONE', #3434, 2.000000000000001776 ) ;
#3402 = VECTOR ( 'NONE', #203, 1000.000000000000000 ) ;
#3403 = ORIENTED_EDGE ( 'NONE', *, *, #50, .T. ) ;
#3404 = CIRCLE ( 'NONE', #2894, 8.500000000000000000 ) ;
#3405 = DIRECTION ( 'NONE',  ( -2.365532012695647203E-16, 1.000000000000000000, 0.000000000000000000 ) ) ;
#3406 = LINE ( 'NONE', #1278, #40 ) ;
#3407 = ADVANCED_FACE ( 'NONE', ( #5 ), #805, .F. ) ;
#3408 = EDGE_CURVE ( 'NONE', #3327, #2299, #71, .T. ) ;
#3409 = ORIENTED_EDGE ( 'NONE', *, *, #826, .F. ) ;
#3410 = LINE ( 'NONE', #2080, #3394 ) ;
#3411 = ORIENTED_EDGE ( 'NONE', *, *, #2031, .T. ) ;
#3412 = VERTEX_POINT ( 'NONE', #1605 ) ;
#3413 = DIRECTION ( 'NONE',  ( -2.891205793294678326E-16, -1.000000000000000000, 0.000000000000000000 ) ) ;
#3414 = DIRECTION ( 'NONE',  ( -2.365532012695647203E-16, 1.000000000000000000, 0.000000000000000000 ) ) ;
#3415 = DIRECTION ( 'NONE',  ( -1.000000000000000000, 0.000000000000000000, 0.000000000000000000 ) ) ;
#3416 = CARTESIAN_POINT ( 'NONE',  ( 139.5000000000000000, 28.00000000000000000, -16.99999999999999289 ) ) ;
#3417 = ORIENTED_EDGE ( 'NONE', *, *, #15, .T. ) ;
#3418 = CARTESIAN_POINT ( 'NONE',  ( 139.5000000000000000, -2.000000000000000000, -55.99999999999998579 ) ) ;
#3419 = LINE ( 'NONE', #1524, #1098 ) ;
#3420 = ORIENTED_EDGE ( 'NONE', *, *, #1028, .T. ) ;
#3421 = EDGE_CURVE ( 'NONE', #2576, #2535, #1345, .T. ) ;
#3422 = DIRECTION ( 'NONE',  ( 0.000000000000000000, 0.000000000000000000, -1.000000000000000000 ) ) ;
#3423 = ORIENTED_EDGE ( 'NONE', *, *, #2664, .F. ) ;
#3424 = ORIENTED_EDGE ( 'NONE', *, *, #294, .T. ) ;
#3425 = DIRECTION ( 'NONE',  ( -0.000000000000000000, 1.000000000000000000, -0.000000000000000000 ) ) ;
#3426 = CARTESIAN_POINT ( 'NONE',  ( 124.5000000000000142, -2.000000000000000000, -25.00000000000000000 ) ) ;
#3427 = CARTESIAN_POINT ( 'NONE',  ( 122.5800000000000267, 28.00000000000002842, -58.00000000000000000 ) ) ;
#3428 = CARTESIAN_POINT ( 'NONE',  ( 1.999999999999999556, -1.999999999999998224, -56.00000000000000000 ) ) ;
#3429 = DIRECTION ( 'NONE',  ( 0.000000000000000000, 0.000000000000000000, -1.000000000000000000 ) ) ;
#3430 = CARTESIAN_POINT ( 'NONE',  ( 132.6062991282907433, -2.000000000000000000, -38.49258438071941413 ) ) ;
#3431 = CARTESIAN_POINT ( 'NONE',  ( 36.27999999999999403, 3.999999999999994671, -33.00000000000000000 ) ) ;
#3432 = AXIS2_PLACEMENT_3D ( 'NONE', #2710, #1901, #2428 ) ;
#3433 = EDGE_LOOP ( 'NONE', ( #1260, #322, #3358, #327 ) ) ;
#3434 = AXIS2_PLACEMENT_3D ( 'NONE', #1777, #1502, #1021 ) ;
#3435 = DIRECTION ( 'NONE',  ( 0.000000000000000000, 0.000000000000000000, -1.000000000000000000 ) ) ;
#3436 = ADVANCED_FACE ( 'NONE', ( #2001 ), #1428, .T. ) ;
#3437 = AXIS2_PLACEMENT_3D ( 'NONE', #1792, #3094, #2549 ) ;
#3438 = EDGE_CURVE ( 'NONE', #2938, #1092, #2242, .T. ) ;
#3439 = EDGE_LOOP ( 'NONE', ( #582, #3420, #1573, #695 ) ) ;
#3440 = VERTEX_POINT ( 'NONE', #925 ) ;
#3441 = DIRECTION ( 'NONE',  ( 0.000000000000000000, 0.000000000000000000, -1.000000000000000000 ) ) ;
#3442 = EDGE_CURVE ( 'NONE', #2562, #1931, #876, .T. ) ;
#3443 = EDGE_CURVE ( 'NONE', #694, #2198, #1978, .T. ) ;
#3444 = CARTESIAN_POINT ( 'NONE',  ( 41.92999999999999972, 28.00000000000000000, -58.00000000000000000 ) ) ;
#3445 = AXIS2_PLACEMENT_3D ( 'NONE', #2275, #1253, #3346 ) ;
#3446 = AXIS2_PLACEMENT_3D ( 'NONE', #2858, #988, #199 ) ;
#3447 = DIRECTION ( 'NONE',  ( 2.365532012695647203E-16, -1.000000000000000000, 0.000000000000000000 ) ) ;
ENDSEC;
END-ISO-10303-21;
